date,found_count,submitted_count,skipped_count,blocked_count,needs_user_count,pending_count,top_sources,summary,user_actions_needed
2026-07-14,5,0,2,0,0,3,Simplify Jobs public new-grad list; YC Work at a Startup page; Ashby public feed sample,"First lead-finding-only trial selected 5 fresh roles. After the explicit C++ title rule was added, 3 are pending review and 2 are skipped. No application flows were opened and no submissions were made.",Review pending leads and decide whether to run a review-before-every-apply application trial after confirming login/session availability.
2026-07-15,24,0,6,0,0,18,Simplify Jobs public new-grad feed; LinkedIn Jobs guest search; Built In entry-level jobs; YC Work at a Startup role pages,"Lead-finding-only batch added 24 rows. After the new-grad-only update, 18 are pending leads and 6 are skipped leads. No application flows were opened and no submissions were made.",Review high-priority pending leads before any application attempt; verify sponsorship and salary wording on direct postings.
2026-07-16,12,0,6,0,0,6,Simplify Jobs public new-grad feed; LinkedIn Jobs guest search; Built In entry-level pages; YC Work at a Startup role pages; Handshake; Welcome to the Jungle/Otta; Google search,,"Review pending leads before any application attempt; verify sponsorship, salary, degree requirements, and any experience mismatch on direct postings."
2026-07-17,33,0,18,0,0,15,Simplify/Coder Quad new-grad feed; LinkedIn Jobs guest search; direct Greenhouse/Ashby/Workday/Esri/IXL posting pages,"Three lead-finding-only batches on 2026-07-17 added 33 rows total: 15 pending AI/SWE leads and 18 skipped rows under sponsorship, salary, export-control, level, source, and PhD-exclusion filters. No application flows were opened and no submissions were made.","Review pending Sony, NVIDIA, StubHub, Cerebras, Notion, Brivo, Showpad, Bot Auto, Confido, and Cylake leads; verify sponsorship, degree/experience fit, salary if missing, exact graduation-date questions, and any location ambiguity before applying."
2026-07-18,52,0,40,0,0,12,Simplify/Coder Quad new-grad feed; LinkedIn Jobs guest search; public LinkedIn detail pages; direct public Ashby job boards; public Greenhouse API,"Four lead-finding-only batches on 2026-07-18 added or updated 52 rows total: 12 pending AI/SWE leads and 40 skipped rows under sponsorship, salary, level, graduation-window, source-quality, excluded-company, and industry filters. This pass added 10 rows from public LinkedIn guest search/detail pages: 3 pending AI/ML or agentic-AI leads and 7 skipped rows. No application flows were opened and no submissions were made.","Review pending StubHub, Pax, Fluidstack, Adobe, Goliath Partners, Nuro, Lightfield, Viven, GM, and Jobright.ai leads; verify sponsorship, exact level/new-grad fit, source-of-truth pages, compensation if missing, and any location ambiguity before applying."
2026-07-19,10,0,10,0,0,0,LinkedIn Jobs guest search; public LinkedIn detail pages,"Lead-finding-only batch on 2026-07-19 added 10 classified rows: 0 pending and 10 skipped. Fresh-looking candidates were skipped for source mismatch, overleveling, part-time/contract fit, compensation, sponsorship, or citizenship/security-clearance filters. No application flows were opened and no submissions were made.",No new pending leads from this batch. Continue reviewing earlier pending leads or broaden criteria if today remains sparse.
2026-07-20,20,0,12,0,0,8,LinkedIn Jobs guest search; public LinkedIn detail pages; Simplify/Coder Quad new-grad feed checked,"Lead-finding-only batches on 2026-07-20 added 20 classified rows total: 8 pending AI/SWE leads and 12 skipped rows under sponsorship, salary, graduation-window, company, source-quality, experience, space/ITAR, and fit filters. No application flows were opened and no submissions were made.","Review pending Traba, CommerceIQ, Ampcus, Goldman Sachs, Haystack, Two Sigma, and Greptile leads; verify sponsorship, source-of-truth employer, salary if missing, and exact new-grad fit before applying."
2026-07-21,23,0,15,0,0,8,Simplify/Coder Quad new-grad feed; LinkedIn Jobs guest search; public LinkedIn detail pages; direct public Ashby/Rippling/Workday pages; Built In and YC checked; Wellfound source-limited,"Lead-finding-only batch on 2026-07-21 added 23 source-checked rows: 8 pending SWE/AI leads and 15 skipped rows under salary, sponsorship, ITAR/U.S.-person, clearance/space, source-quality, and overlevel filters. No application flows were opened and no submissions were made.","Review pending Firetiger, Hipp Health, NVIDIA, Abel.ai, Astronomer, Q-CTRL, Valon, and Blackstar leads; verify sponsorship where missing, exact new-grad fit, compensation if not listed, and any application-specific start-date/location questions before applying."
2026-07-22,12,0,8,0,0,4,LinkedIn Jobs guest search; public LinkedIn detail pages; Simplify/Coder Quad new-grad feed checked,"Lead-finding-only batch on 2026-07-22 added 12 source-checked rows: 4 pending AI/SWE leads and 8 skipped rows under source-quality, staffing/agency, sponsorship, salary, degree/experience, and overlevel filters. No application flows were opened and no submissions were made.","Review pending Traba, TikTok, MintMCP, and RZR leads; verify sponsorship, exact new-grad/degree fit, compensation if missing, and any application-specific questions before applying."
2026-07-24,12,0,9,0,0,3,Simplify/Coder Quad new-grad feed; LinkedIn Jobs guest search; direct public Ashby/Workday pages; Built In; YC Work at a Startup checked; Wellfound source-limited,"Lead-finding-only batch on 2026-07-24 added 12 source-checked rows: 3 pending AI/SWE leads and 9 skipped rows under salary, sponsorship, advanced-degree/PhD-targeting, graduation-timing, and source-quality filters. No application flows were opened and no submissions were made.","Review pending Zello, Bridger, and Cerebras leads; verify sponsorship, compensation where missing, exact U.S. location fit, and any application-specific questions before applying."
2026-07-27,20,0,9,0,0,11,Simplify/Coder Quad new-grad feed; LinkedIn Jobs guest search; public LinkedIn detail pages; direct public Ashby posting,"Lead-finding-only batches on 2026-07-27 added 20 source-checked rows total: 11 pending SWE/AI leads and 9 skipped rows under source-quality, sponsorship, salary, experience, defense/aerospace, and overlevel filters. The current dashboard archive state was saved first; 184 archived rows are reflected in applied_archive.csv and dashboardData.ts. No application flows were opened and no submissions were made.","Review newly pending Bot Auto, Jobright.ai, Rocket, and Verkada leads; verify sponsorship where missing, exact new-grad/entry-level fit, compensation if missing, and any application-specific questions before applying. Previously pending Qualcomm, Anything, Baseten, Texas Sports Academy, Retell, FieldAI, and Blissway are now archived from the dashboard."
2026-07-28,20,0,11,0,0,9,Simplify/Coder Quad new-grad feed; LinkedIn Jobs guest search; public LinkedIn detail pages; direct public Ashby/Greenhouse/Workday postings,"Lead-finding-only batches on 2026-07-28 added 20 source-checked rows total: 9 pending SWE/AI leads and 11 skipped rows under salary, sponsorship, security-clearance, experience, and duplicate/source-quality filters. The current dashboard archive state was saved first; 193 archived rows are reflected in applied_archive.csv and dashboardData.ts. No application flows were opened and no submissions were made.","Review newly pending Skild AI, X Moonshot Factory, NewsBreak ML, and Man Group leads; verify sponsorship where missing, exact level/new-grad fit, compensation if missing, and any application-specific questions before applying. Earlier pending Color, NewsBreak Advertising Agents, RunSybil, The Trade Desk, and Barry-Wehmiller are now archived from the dashboard."
2026-07-29,10,0,4,0,0,6,LinkedIn Jobs guest search; public LinkedIn detail pages,"Lead-finding-only batch on 2026-07-29 added 10 source-checked LinkedIn rows: 6 pending SWE/AI leads and 4 skipped rows under sponsorship, overlevel, salary, and source-quality filters. The current dashboard archive state was preserved; 193 archived rows remain reflected in applied_archive.csv. No application flows were opened and no submissions were made.","Review newly pending Lassie, Plaid, Waymo, Nuro AI Platform, Remitly, and Jobright.ai ML leads; verify sponsorship where missing, exact level/new-grad fit, Nuro graduation wording, and any application-specific questions before applying."
2026-07-30,10,0,3,0,0,7,Simplify/Coder Quad new-grad feed; LinkedIn Jobs guest search; public LinkedIn detail pages; direct public Ashby and SmartRecruiters postings,Lead-finding-only batch on 2026-07-30 added 10 source-checked rows: 7 pending SWE/AI leads and 3 skipped rows under salary and sponsorship filters. Existing dashboard archive state was preserved. No application flows were opened and no submissions were made.,"Review newly pending Nooks, NexHealth, Halliburton Landmark, TENEX.AI, Baseten Applied AI Inference, KLA AI, and Helic & Co leads; verify sponsorship where missing, salary where missing, exact level/degree fit, location/remote details, and any application-specific questions before applying."
2026-08-03,8,0,3,0,0,5,Simplify/Coder Quad new-grad feed; direct public Ashby/ByteDance/TikTok/Greenhouse/Workable postings,"Lead-finding-only batch on 2026-08-03 added 8 source-checked rows: 5 pending SWE/AI leads and 3 skipped rows under salary, graduation-window, and degree/experience filters. ByteDance/TikTok graduate postings include a two-position global application limit, so future apply review should pick the strongest two before opening forms. No application flows were opened and no submissions were made.","Review newly pending ByteDance AI Infrastructure, ByteDance Traffic Infrastructure, TikTok Recommendation ML, Lightfield Infrastructure, and Texas Sports Academy leads; verify sponsorship where missing, exact graduation/start-date wording, and any required salary/start-date questions before applying."
2026-08-04,24,0,16,0,0,8,Simplify/Coder Quad new-grad feed; direct public Samsara/ByteDance/TikTok/Greenhouse/Ashby/SmartRecruiters/Workday/Capgemini/ApplyToJob/Garmin/BrassRing/ManTech postings,"Two lead-finding-only batches on 2026-08-04 added 24 source-checked rows total: 8 pending SWE/AI leads and 16 skipped rows under salary, sponsorship, graduation-timing, role-family, and citizenship/security-clearance filters. After the user update, TikTok and ByteDance are excluded from future lead finding and application review until 2027-01-01. Existing dashboard archive state was preserved. No application flows were opened and no submissions were made.","Review newly pending EAi Entry Level Software Developer, EAi Entry Level .NET Software Developer, and Garmin Embedded Software Engineer 1 leads; verify salary, sponsorship where missing, exact start-date fit, and embedded-systems fit before applying. TikTok and ByteDance should remain excluded until 2027-01-01."
2026-08-05,8,0,8,0,0,0,Simplify/Coder Quad new-grad feed; direct public Workday/Eightfold postings,"Lead-finding-only fetch on 2026-08-05 reviewed fresh nonduplicate public new-grad feed rows and added 8 source-checked skipped rows. No new pending leads survived the salary, sponsorship, location, defense/aerospace, and level filters. TikTok and ByteDance rows were excluded under the active temporary company rule and not added. No application flows were opened and no submissions were made.",No new pending leads from this fetch. Existing pending leads remain in the dashboard; keep TikTok and ByteDance excluded until 2027-01-01.
2026-08-13,20,0,13,0,0,7,speedyapply 2027 SWE/AI new-grad trackers; direct Greenhouse/Ashby/Workday postings; Google/Roblox careers pages,"Lead-finding-only fetch on 2026-08-13 pulled fresh 0-2d new-grad rows from the speedyapply 2027 SWE and AI new-grad trackers and verified them against direct Greenhouse/Ashby/Workday postings. Added 20 rows: 8 pending SWE/AI leads and 12 skipped rows under new-grad-level, location, defense/aerospace, national-security, role-family, C++, duplicate, and TikTok/ByteDance-exclusion filters. Targeted the 2027 cohort because it matches the Dec 2026-May 2027 graduation window; 2026-cohort Ashby new-grad reqs (Benchling/Replit/Harvey) are already closed. No application flows were opened and no submissions were made.","Review newly pending Roblox, Uniswap Labs, Nuro ML Infrastructure, Handshake, PathAI, Exelixis, Chamberlain, and Google Early Career leads; verify exact new-grad level, Dec 2026-May 2027 graduation-window eligibility, sponsorship, and any Workday/Ashby form questions before applying. Keep TikTok and ByteDance excluded until 2027-01-01. T-Mobile was added to the excluded-companies list on 2026-08-13 and its lead was moved to Skipped. Superseded on 2026-08-17: the user excluded Roblox and CVS Health from all future lead finding, so the Roblox and CVS Health leads referenced above were moved to Skipped and no longer need review."
2026-08-14,26,0,16,0,0,10,speedyapply 2027 SWE/AI new-grad trackers; direct Greenhouse/Ashby/Workday postings,"Lead-finding-only fetch on 2026-08-14 pulled fresh 0-1d new-grad rows from the speedyapply 2027 SWE and AI new-grad trackers, deduped against the existing pool (Roblox, Uniswap Labs, General Matter, and Rocket Lab were already tracked from 2026-08-13 and not re-added). Added 26 rows: 10 pending SWE/AI leads and 16 skipped rows under new-grad-level, defense/aerospace/government-contractor, non-preferred-location, and role-family filters. No application flows were opened and no submissions were made.","Review newly pending Applied Intuition, Clera, Esri (3 reqs), Fastly, General Motors ML Inference, Kyndryl, New Relic, and Book of the Month leads; verify exact new-grad level, Dec 2026-May 2027 graduation-window eligibility, sponsorship, and any Workday/Ashby/Greenhouse form questions before applying. T-Mobile remains excluded; keep TikTok and ByteDance excluded until 2027-01-01."
2026-08-16,52,0,45,0,0,7,speedyapply 2027 SWE/AI new-grad trackers; direct Ashby/Greenhouse/Workday public posting data,"Lead-finding-only fetch on 2026-08-16 pulled fresh 0-2d new-grad rows from the speedyapply 2027 SWE and AI new-grad trackers and deduped 9 rows already tracked from the 2026-08-13 and 2026-08-14 fetches. Added 52 rows: 8 pending SWE/AI leads, 1 needs-user lead, and 43 skipped rows. Unlike prior fetches, each shortlisted posting body was read directly through the Ashby, Greenhouse, and Workday public JSON endpoints, which let graduation window, salary floor, and sponsorship language be verified rather than deferred: Notion, Applied Intuition (3 reqs), NVIDIA, and Esri were confirmed in-window and above the 120k floor, while Micron, Crowe (2 reqs), Fidelity (3 reqs), and MiTek were disqualified on advanced-degree targeting, explicit no-sponsorship statements, or listed pay below the floor. Skips also covered space/aerospace/defense (SpaceX, Boeing, KBR, Booz Allen), the Amazon-owned Twitch req, six TikTok 2027-start reqs under the temporary exclusion, a Canadian Sun Life pair, staffing/aggregator postings, and data-analyst role-family mismatches. No application flows were opened and no submissions were made.","Review newly pending Notion (Dec 2026 new grad, 135k-155k), Applied Intuition Software Engineer New Grad December 2026, NVIDIA Deep Learning Libraries NCG, Applied Intuition Software Integration and Embedded New Grad 2027, Esri Redlands SDE, Composio Fullstack New Grad, and CVS Health Associate SDE leads. CVS Health closes its application window on 2026-08-20, so treat it as time-sensitive. Answer the Roblox Creator Business question in blocker_queue: is hedged 'may not support future H-1B sponsorship' wording an automatic skip, and are 1-3 YOE postings still in scope? T-Mobile remains excluded; keep TikTok and ByteDance excluded until 2027-01-01. Superseded on 2026-08-17: the user excluded Roblox and CVS Health from all future lead finding, so the Roblox and CVS Health leads referenced above were moved to Skipped and no longer need review."
2026-08-17,9,0,9,0,0,0,speedyapply 2027 SWE/AI new-grad trackers; Simplify/Coder Quad new-grad board; 247-board Greenhouse/Ashby/Lever company sweep,"Lead-finding-only fetch on 2026-08-17, covering two passes on the same day. The speedyapply 2027 SWE and AI new-grad trackers were byte-identical between the two pulls, so the search was broadened twice: first to the Simplify/Coder Quad new-grad board and a direct Greenhouse/Ashby company-board sweep, then to a widened 247-board Greenhouse/Ashby/Lever sweep that returned zero reqs posted since 2026-08-16. Added 9 rows total: 1 needs-user lead and 8 skipped. The only real match of the day was a 0d Roblox [2027] Software Engineer, Early Career req in San Mateo at a flat 153,000 USD with no years-of-experience floor, held as needs-user solely because it carries the same hedged Roblox H-1B sponsorship wording already queued from 2026-08-16. Skips: General Dynamics Mission Systems, Leidos, LMI, V2X, and Honeywell on defense/government-contractor status or non-preferred locations; Astera Institute on PhD-required neuroscience research at an 80k floor; Medtronic on a 74,400-111,600 USD range below the floor; and a second Clera req that states outright that visa sponsorship is not available. No application flows were opened and no submissions were made.","One decision unblocks the best lead of the day: rule on whether Roblox's hedged 'may not support future H-1B sponsorship' wording is an automatic skip. If it is acceptable, the [2027] Software Engineer Early Career req should be promoted to Pending at High priority. Note that the Clera AI & Data Systems lead pending from 2026-08-14 now looks weaker, since a newer Clera req states outright that sponsorship is not available. CVS Health from the 2026-08-16 fetch still closes 2026-08-20. Given that 2026-08-17 produced no new pending leads across three sources and 247 company boards, the next useful action is working the existing pending queue rather than fetching again today. T-Mobile remains excluded; keep TikTok and ByteDance excluded until 2027-01-01. Rule change on 2026-08-17: the user excluded Roblox and CVS Health from all future lead finding. Both Roblox needs-user leads and the Roblox and CVS Health pending leads were moved to Skipped, and the two Roblox sponsorship questions in blocker_queue were closed unresolved because they no longer need an answer. That clears the open decision for today and leaves the CVS Health 2026-08-20 deadline moot."
2026-08-18,11,0,7,0,0,4,Simplify/Coder Quad new-grad board; speedyapply 2027 SWE/AI new-grad trackers; direct Apple/Ashby/BambooHR/Workday/SmartRecruiters/iCIMS public posting data,"Lead-finding-only fetch on 2026-08-18. The speedyapply 2027 SWE and AI new-grad trackers were nearly dry, returning only three 0-1d rows (Roblox, now excluded; a Google Cambridge req; and a Ramp product-operations req), so the search was broadened to the Simplify/Coder Quad new-grad board, which yielded 15 fresh 0-1d rows. Four of those (LMI, Honeywell, Leidos, V2X, Medtronic) and the General Dynamics Mission Systems req were already tracked from 2026-08-17 and were not re-added. Added 11 rows: 5 pending and 6 skipped. Each shortlisted posting body was read directly through the Apple, Ashby, BambooHR, Workday, SmartRecruiters, and iCIMS public endpoints. Three strong new matches: an Apple IS&T Early Career pipeline req in Cupertino/Sunnyvale, a Charta Health new-grad SWE req in SF/NYC, and a Nexthop.ai new-grad SWE req in Santa Clara, all Tier 1 with no sponsorship or citizenship restriction in the posting. Disney's Software Engineer I on the Observability & Insights team is a fourth match held at Medium because it is a Workday flow. Skips: WOOD Consulting and CACI on US-citizenship and security-clearance requirements at Fort Meade and Annapolis Junction; Marlabs, Johnson Controls, and Smarter Agent on non-preferred locations in New Jersey and Wisconsin; and Ramp on role family, since product operations is not software or AI engineering. The Google req was recorded as Pending but deliberately not screened: the user deferred Google screening during this run. No application flows were opened and no submissions were made. Rule change later on 2026-08-18: the user excluded The Walt Disney Company, including Disney Entertainment, ESPN, Hulu, and ABC, from all future lead finding and application review. The Software Engineer I Observability & Insights req was moved from Pending to Skipped, so the final split for the day is 4 pending and 7 skipped.","Two of today's four real matches list pay ranges that straddle the 120,000 USD floor rather than falling clearly below it: Charta Health at 90,000-140,000 USD and Disney at 97,500-130,700 USD in Glendale or 102,100-136,900 USD in New York. Decide whether a straddling range is acceptable, because the current rule only skips when the listed salary is below the floor and this case will keep recurring. Apple IS&T and Nexthop.ai list no salary and are the cleanest applies of the day; both still need graduation-window and sponsorship confirmation, and the Apple req is a pipeline requisition, so the specific team and level are decided after screening. Google's Cambridge Service Networking req still needs a level and years-of-experience check before it counts as a match. Roblox and CVS Health remain excluded; T-Mobile remains excluded; keep TikTok and ByteDance excluded until 2027-01-01. Superseded in part on 2026-08-18: Disney is now an excluded company, so only Charta Health's 90,000-140,000 USD range still needs the straddling-floor decision. The Walt Disney Company joins Roblox, CVS Health, and T-Mobile on the excluded list."
2026-08-19,15,0,11,0,0,4,speedyapply 2027 SWE/AI new-grad trackers; Simplify/Coder Quad new-grad board; direct Ashby/Greenhouse/Workday/iCIMS public posting data,"Lead-finding-only fetch on 2026-08-19. Unlike the last two days, the speedyapply 2027 SWE and AI new-grad trackers were healthy, returning 55 unique 0-1d rows, so the sub-five-rows condition for broadening did not trigger; the Simplify/Coder Quad board was swept anyway and contributed 23 fresh rows, of which all but four were already tracked from the 2026-08-17 and 2026-08-18 fetches. Handshake and Ramp deduped against existing rows. Fifteen postings survived the tracker-level screen and every one of their bodies was read directly through the Ashby, Greenhouse, Workday, and iCIMS public endpoints, so salary, sponsorship, citizenship, clearance, and level language was verified rather than deferred. Added 15 rows: 4 pending and 11 skipped. Two clean matches: Koah Labs Software Engineer, Early Career in San Francisco at 120,000-160,000 USD and Pangram Labs Machine Learning Engineer (Junior) in Downtown Brooklyn at 135,000-150,000 USD, both Ashby, both above the floor, neither carrying any sponsorship, citizenship, or graduation-window restriction. Two more are held pending a user decision because their ranges straddle the floor: Target Engineer, Cloud and Compute Platform Teams in Brooklyn Park at 75,400-135,700 USD and Liberty Mutual Software Engineer in Boston at 114,275-154,000 USD. Verification killed four leads that looked clean on the tracker: The New York Times at 96,000-110,000 USD and Applied Materials at 70,000-95,500 USD fell entirely below the floor, Charles Schwab listed hourly pay of 43.27-44.23 USD worth roughly 90,000 USD annualized, and Intel stated outright that the position is not eligible for immigration sponsorship. Citizenship or clearance requirements ruled out ICF, STR, and Dark Wolf Solutions; Apex Technology turned out to be a satellite bus manufacturer with a U.S. Person requirement despite a generic Los Angeles software title; Five Rings LINK 2027, shown by the tracker at 381k/yr, is a five-day sophomore workshop paying a 2,000 USD stipend; OKX is closed; Roblox remains excluded. Roughly forty further tracker rows were screened out at the row level without being tracked individually: SpaceX, Anduril, Relativity Space, Raytheon, RTX, Northrop Grumman, AeroVironment, Astrion, and Metova Federal on the space and defense skip; data analyst, data scientist, and research scientist rows on role family; and postings in Arkansas, Iowa, Arizona, Indiana, Nevada, Utah, North Carolina, and Ontario on the location policy. No application flows were opened and no submissions were made.","Koah Labs and Pangram Labs are the two clean applies and need nothing from the user beyond a go-ahead; both are low-friction Ashby forms. The straddling-salary decision from 2026-08-18 is still open and is now blocking two more leads rather than one, since Target at 75,400-135,700 USD and Liberty Mutual at 114,275-154,000 USD both straddle the 120,000 USD floor. Confirming or rejecting the proposed rule would settle all of them at once. Liberty Mutual carries a second question even if the straddle is accepted: the req reads as a labor-certification style notice, listing multiple positions, a redacted requisition number, and instructions to apply through a separate job search or by emailing a resume, so it may not be a real open new-grad seat. Excluded companies unchanged: Roblox, CVS Health, T-Mobile, The Walt Disney Company, Amazon, Visa, CGI, BeaconFire, Hired, Cerebras; TikTok and ByteDance remain excluded until 2027-01-01."
2026-08-20,19,0,15,0,0,4,speedyapply 2027 SWE/AI new-grad trackers; Simplify/Coder Quad new-grad board; 154-board Greenhouse/Ashby/Lever company sweep; direct Greenhouse/Ashby/Workday public posting data,"Lead-finding-only fetch on 2026-08-20. The speedyapply 2027 SWE and AI new-grad trackers were nearly dry, returning only 6 unique 0-1d rows across both files, and none of the six was usable: four are TikTok, excluded until 2027-01-01, one is a Google Security Engineer II, and one is the Five Rings LINK 2027 sophomore workshop already screened on 2026-08-19. That is well under the five-row threshold, so the search was broadened to the Simplify/Coder Quad new-grad board, which yielded 21 fresh 0-1d rows, and then to a direct Greenhouse, Ashby, and Lever company-board sweep of 154 boards, of which 60 responded. Koah, Dark Wolf's AI engineer req, and OKX deduped against rows already tracked on 2026-08-19. Added 19 rows: 4 pending and 15 skipped. Every one of the five shortlisted posting bodies was read directly through the Greenhouse, Ashby, and Workday public endpoints, so salary, sponsorship, citizenship, and level language was verified rather than deferred. One clean match: Kikoff Software Engineer - Recent Grad in San Francisco at a flat 165,000 USD base, a Greenhouse form with no sponsorship, citizenship, or graduation-date restriction; the only caveat is that its requirements list asks for 2+ years of industry experience or equivalent despite the recent-grad title. Freeform Software Engineer (New Grad Summer 2027) in Hawthorne is a second real match at Medium, with genuine new-grad qualifications, a start date that fits the graduation window, and no salary listed. Two more are held pending the still-unconfirmed straddling-salary rule: Crusoe Software Engineer I, Network in San Francisco at 117,000-138,000 USD and GlobalFoundries AI/ML Software Engineer (2026 New College Graduate) in Richardson, Austin, and Santa Clara at 86,000-148,000 USD; the GlobalFoundries req carries a second question because its body reads as an architecture-authority role rather than new-grad scope. Reading the bodies killed the best-looking AI row of the day: General Motors' New College Graduate Associate AI & Data Engineering req opens by stating that GM does not provide immigration-related sponsorship for the role. Other skips: Waymo on a PhD title, Google on level II and role family, Nordstrom, Great American Insurance, Datalab USA, and Dark Wolf's data engineer req on role family, Susquehanna, Techtronic Industries, and LexisNexis Risk Solutions on the location policy, Disney as an excluded company, and SpaceX, General Dynamics Mission Systems, Astrion, and RTX on the space and defense skip. The 154-board direct sweep produced nothing new: after title and location filtering only three rows survived, and all three were skips (a Datadog support engineer role, a Robinhood customer experience role, and the Waymo PhD req). No application flows were opened and no submissions were made.","Kikoff is the clean apply of the day and needs only a go-ahead; it is a low-friction Greenhouse form at 165,000 USD flat in Tier 1 San Francisco. Before applying, decide how to handle its '2+ years of industry experience or equivalent' line, since the rest of the posting is explicitly aimed at new grads. The straddling-salary rule proposed on 2026-08-18 is still unconfirmed and now gates four leads rather than two: Target, Liberty Mutual, Crusoe at 117,000-138,000 USD, and GlobalFoundries at 86,000-148,000 USD. One decision clears all four. GlobalFoundries needs a second call even if the straddle is accepted, because the body asks the hire to serve as a technical authority on CPU and SoC architecture tradeoffs, which does not read as a new-grad seat despite the New College Graduate badge. Freeform needs a judgment on industry adjacency: it builds AI-native metal 3D printing factories with no ITAR, US Person, or clearance language in the posting, but rocket and spacecraft software is listed as preferred background, so confirm it is not caught by the space and aerospace skip. Excluded companies unchanged: Roblox, CVS Health, T-Mobile, The Walt Disney Company, Amazon, Visa, CGI, BeaconFire, Hired, Cerebras; TikTok and ByteDance remain excluded until 2027-01-01."
2026-08-21,12,0,8,0,0,4,speedyapply 2027 SWE/AI new-grad trackers; Simplify/Coder Quad new-grad board; 124-board Greenhouse/Ashby/Lever company sweep; direct Greenhouse public posting data,"Lead-finding-only fetch on 2026-08-21. Both primary sources were dry. The speedyapply 2027 SWE and AI new-grad trackers returned 4 unique 0-1d rows and none was usable: three TikTok rows excluded until 2027-01-01 and a Google Data Engineer role that fails on role family. The Simplify/Coder Quad board returned 16 fresh 0-1d rows, but 8 of those were yesterday's rows aged from 0d to 1d and already tracked (Kikoff, Crusoe, Freeform, General Dynamics Mission Systems, SpaceX, Datalab USA, Susquehanna, and the RTX Tucson companion req), leaving nothing new that survived screening. With both sources dry, the search broadened to a direct Greenhouse, Ashby, and Lever company-board sweep of 124 boards, of which 71 responded, and this time freshness was confirmed against first_published on the job detail endpoint rather than trusting the board list's updated_at, per the rule added yesterday. That sweep produced 89 title-and-location matches, but almost all were already in the pool. Added 12 rows: 3 pending and 9 skipped. All three pending leads came from the sweep rather than from either tracker, and all three are outside the 24-48 hour freshness window, which is the documented older-posting exception rather than an oversight. Five Rings Campus Full Time 2027 - Software Developer in Tier 1 New York is the standout: a 2027 campus cohort requisition matching the graduation window exactly, at a stated 300,000 USD base plus discretionary bonus, with no sponsorship or citizenship language and interviews starting September 2026. Freeform Software Engineer (New Grad December 2026) is the December-start sibling of the Summer 2027 req added yesterday, and it lists the range the other one omitted: 125,000-150,000 USD plus stock options, entirely above the floor. Bot Auto Algorithm Engineer, Deep Learning & Vision (New Grad) in Houston or the San Francisco Bay Area accepts a Bachelor's explicitly and carries no PhD marker, unlike the Bot Auto req skipped on 2026-07-17. Skips: Google on role family; Principal Financial Group on Iowa and Ciena on Ottawa, Canada under the location and work-authorization policies; National Software Management and ViaSat on role family, with ViaSat also failing on country and industry; RTX Indianapolis and RTX Marlborough and Blue Origin on the defense and space rules; and Twitch on Amazon ownership, standing in for six Tier 1 Software Engineer I reqs surfaced by the sweep. No application flows were opened and no submissions were made. Rule change later on 2026-08-21: the user excluded Bot Auto from all future lead finding and application review. The Algorithm Engineer, Deep Learning & Vision (New Grad) req added today was moved from Pending to Skipped, so the final split for the day is 2 pending and 10 skipped. Two older Bot Auto leads still sitting in the pending queue were cleared at the same time: Software Engineer, Operation Platforms from 2026-07-17 and Algorithm Engineer, Deep Learning & Vision (New Grad) from 2026-07-27. That second row also exposed a dedupe miss: it is the same requisition as today's Bot Auto row, tracked from its LinkedIn URL rather than its Greenhouse one, and today's dedupe check missed it by searching the company field for botauto, which never matches the stored name Bot Auto. Today's row is now marked as a duplicate. Second rule change on 2026-08-21: the user lifted the exclusion on The Walt Disney Company, stating that Disney sponsors, and excluded Warner Bros instead. Both Disney rows in the pool had been skipped solely as an excluded company and were restored to Pending: Software Engineer I, Observability & Insights from 2026-08-18 and Software Engineer 1 - Rights & Accounting from 2026-08-20. The 2026-08-20 row had never been screened on its merits, so its Workday body was read during this change: Tier 1 Glendale, Bachelor's required, 97,500-130,700 USD, no sponsorship or citizenship language. Both Disney ranges straddle the 120,000 USD floor. Counting those restorations, the day closes at 4 pending and 8 skipped. No Warner Bros rows existed in the pool, so the new exclusion changed nothing retroactively.","Five Rings needs one decision before it can move: the title does not say C++, so the title-based skip rule does not fire, but the role is explicitly developing trading software in C++ on Linux. Rule on whether a C++-only codebase is acceptable when the title is clean, because this will recur across quant firms and it is currently gating a 300,000 USD Tier 1 New York campus req that otherwise matches the graduation window exactly. Freeform's December 2026 req partly answers an open question from yesterday: at 125,000-150,000 USD it clears the floor outright, which strongly implies the Summer 2027 sibling pays on the same scale, so that lead's compensation question can probably be closed. You still owe a call on Freeform's industry adjacency, unchanged from yesterday. The straddling-salary rule proposed on 2026-08-18 is still unconfirmed and still gates four leads: Target, Liberty Mutual, Crusoe, and GlobalFoundries. Kikoff from yesterday remains the cleanest ready-to-apply lead in the queue and needs only a go-ahead. Two dry days in a row on both trackers and the Simplify board suggests the next useful action is working the existing pending queue rather than fetching again tomorrow. Excluded companies unchanged: Roblox, CVS Health, T-Mobile, The Walt Disney Company, Amazon, Visa, CGI, BeaconFire, Hired, Cerebras; TikTok and ByteDance remain excluded until 2027-01-01. Superseded in part on 2026-08-21: Bot Auto is now an excluded company, so the day's pending queue is Five Rings and Freeform only. Bot Auto joins Amazon, Visa, CGI, BeaconFire, Hired, Cerebras, T-Mobile, Roblox, CVS Health, and The Walt Disney Company on the excluded list. Note that candidate_profile.json's companies_to_avoid list was already missing Roblox, CVS Health, and The Walt Disney Company, which live only in application_rules.md; Bot Auto was added to both, but that older gap is still open. The straddling-salary decision is now gating six leads rather than four, since both restored Disney rows straddle the floor (97,500-136,900 USD and 97,500-130,700 USD) alongside Target, Liberty Mutual, Crusoe, and GlobalFoundries. This is the single highest-leverage open decision in the queue. Two smaller items from the Disney and Warner Bros change: the restored 2026-08-18 Disney row is still archived from an earlier dismissal and will not show in the queue view until it is unarchived in the UI, since archive flags are treated as user-owned and were left untouched; and the Warner Bros exclusion was written to cover Warner Bros. Discovery and its labels, including HBO, HBO Max, CNN, and Discovery, mirroring how the Disney exclusion was scoped, which should be narrowed if the film studio alone was meant."
2026-08-26,20,0,13,0,0,7,Simplify/Coder Quad new-grad board; speedyapply 2027 SWE/AI new-grad trackers; direct Ashby/Greenhouse/Workday/Rippling public posting data,"Lead-finding-only fetch on 2026-08-26, run over a widened five-day window covering 2026-08-21 through today at the user's request, rather than the usual 24-48 hours. The speedyapply 2027 SWE and AI new-grad trackers stayed thin across the whole window, returning only 10 unique 0-5d rows, of which three were TikTok and two were Amazon, both excluded, and one was the Google Data Engineer row already tracked on 2026-08-21. The Simplify/Coder Quad board was the opposite of the last two fetches and returned 73 rows in the window. The direct company-board sweep was deliberately not run: the 2026-08-21 rule scopes it as the dry-day fallback, and with 73 board rows plus a tracker pass to work through, the primary sources were productive. Added 20 rows: 8 pending and 12 skipped. Zip Software Engineer, New Grad (2027 Start) in San Francisco is the standout and the cleanest match in weeks: 165,000-170,000 USD, entirely above the floor, on a low-friction Ashby form, and its qualifications state graduation between December 2026 and June 2027, which contains the candidate's window exactly rather than merely failing to exclude it. Maximor AI Software Engineer (New Grad) in New York is the second clean match, an Ashby req at an AI-native accounting startup with a genuine new-grad bar and no salary listed. Cisco Software Engineer I in Milpitas and San Jose at 107,800-136,800 USD and D-Wave Quantum Software Engineer 1 in New Haven at 91,000-137,000 USD are both real matches held only by the still-unconfirmed straddling-salary rule. Four more were recorded as Pending without being screened because their bodies could not be read from the command line: GitHub Software Engineer I - Secret Scanning renders through JavaScript and its Phenom API returned 404; Salesforce returned HTTP 403 from the Workday CXS endpoint on all three site paths tried; metacareers renders through JavaScript; and the Sargent & Lundy iCIMS page returned navigation text only. None of those four should be applied to until the body is read. The most instructive skip of the window is Google Software Engineer, Early Career - Multiple Teams: twelve locations, eight of them Tier 1, at 147,000-210,000 USD, and the minimum qualification is a PhD, with the body stating 'As a PhD graduate, your research expertise is invaluable to us.' Neither the title nor the tracker row shows it. Two more died on sponsorship language: Alarm.com states that immigration-related support is not available and lists 90,000-100,000 USD, and Zebra Technologies requires authorization to work without sponsorship now or in the future and lists 68,400-102,600 USD. Other skips: Amazon and Meta's research scientist row on company and role family; True Anomaly standing in for five space and defense reqs; Garmin standing in for four aviation reqs; Johns Hopkins Applied Physics Laboratory standing in for three defense and intelligence reqs; Oracle, Microchip, Cox Automotive, and Susquehanna on the location policy. Roughly thirty further board rows were screened out at row level without individual tracking: RTX, Northrop Grumman, KBR, L3Harris, Boeing, United Launch Alliance, V2X, General Dynamics Mission Systems, Nightwing, and SteerBridge on the space and defense skip; Canadian and UK postings from Zip Toronto, Bank of Montreal, Royal Bank of Canada, BDO Canada, Ciena, Bloxd, DC Thomson, General Dynamics UK, and Jain Global on the work-authorization policy; Dell, Micron, and Resideo on hardware and firmware role family; and a dozen rows carrying the Simplify closed-application lock. The Disney Rights & Accounting row reappeared on the board and deduped against the row restored to Pending on 2026-08-21. No application flows were opened and no submissions were made. Rule change later on 2026-08-26: the user excluded Cisco from all future lead finding and application review. The Software Engineer I req added today was moved from Pending to Skipped, so the day closes at 7 pending and 13 skipped. Two older Cisco rows from 2026-07-27 and 2026-07-29 were already Skipped for below-floor compensation and needed no change.","Zip is the clearest apply-now lead the queue has held in weeks and needs nothing but a go-ahead: above the floor, Tier 1, low-friction Ashby, and a stated graduation window that contains the candidate's exactly. Maximor AI is a close second and needs only a compensation and sponsorship question. The straddling-salary rule proposed on 2026-08-18 is now gating eight leads rather than six, with Cisco at 107,800-136,800 USD and D-Wave at 91,000-137,000 USD joining Target, Liberty Mutual, Crusoe, GlobalFoundries, and both Disney rows. This is by a wide margin the highest-leverage open decision in the workflow and has been open for eight days. The C++ question from 2026-08-21 also recurred: Cisco requires C or C++ and embedded Linux under a clean title, the same shape as Five Rings, so one ruling would settle both. Four of the eight new pending leads are unscreened because their sources are JavaScript-rendered or returned 403, so treat GitHub, Salesforce, Meta, and Sargent & Lundy as leads to verify in a browser rather than as confirmed matches; Sargent & Lundy in particular is a nuclear power and government services firm, which is the profile that tends to carry invisible citizenship requirements. Excluded companies unchanged: Amazon, Visa, CGI, BeaconFire, Hired, Cerebras, T-Mobile, Roblox, CVS Health, Bot Auto, and Warner Bros. Discovery; Disney is no longer excluded; TikTok and ByteDance remain excluded until 2027-01-01. Superseded in part on 2026-08-26: Cisco is now an excluded company, so the straddling-salary decision gates seven leads rather than eight (Target, Liberty Mutual, Crusoe, GlobalFoundries, both Disney rows, and D-Wave), and the C++ question now rests on Five Rings alone. Cisco joins the excluded list."
2026-08-27,6,0,5,0,0,1,speedyapply 2027 SWE/AI new-grad trackers; Simplify/Coder Quad new-grad board; 113-board Greenhouse/Ashby/Lever company sweep; direct Greenhouse public posting data,"Lead-finding-only fetch on 2026-08-27, back to the standard 24-hour window after yesterday's five-day catch-up. Both primary sources were effectively dry. The speedyapply 2027 SWE and AI new-grad trackers returned 5 unique 0-1d rows and every one was already handled: Amazon and a Meta research scientist row skipped on 2026-08-26, the Meta systems ML and Salesforce rows already recorded as unscreened pending leads on 2026-08-26, and one TikTok row excluded until 2027-01-01. The Simplify/Coder Quad board returned 33 rows in the window, but 29 were yesterday's postings aged from 0d to 1d and already tracked; only four were genuinely new, and all four were skips. Because the board was dry in substance despite its row count, the direct company-board sweep was run per the 2026-08-21 rule, covering 113 boards with 61 reachable. Added 6 rows: 1 pending and 5 skipped. The one real find came from the sweep, not from either primary source: NewsBreak Venture, AI Growth Intelligence Engineer (New Grad) in Tier 1 Mountain View at 135,000-155,000 USD, entirely above the floor, with a genuine recent-grad-to-two-years bar and no sponsorship or citizenship language. It is seven and a half weeks old, first published 2026-07-06, so it should be confirmed live before any effort is spent, and NewsBreak already holds two pending leads from 2026-07-28. The sweep's most promising-looking row died on reading: New Relic Associate Software Engineer - Java in Tier 2 Portland states outright that visa sponsorship is not available, requires 2+ years of professional experience, and lists 98,000-123,000 USD. That is three independent failures under one Associate-level title. Other skips: ASM International on Arizona and a Fall 2026 start that predates the graduation window; General Dynamics Mission Systems on the defense and clearance rule, its fourth distinct requisition since 2026-08-17; Ciena on country and role family, its third Ottawa posting skipped; and a new RTX Cedar Rapids requisition number carrying the same defense and location skip as yesterday's. The sweep also exposed a dedupe weakness. It flagged InstaLILY Software Engineer I, General as new when the pool has held Software Engineer 1 - General as a pending lead since 2026-07-15. These are the same requisition, first published 2026-06-13; the normalized company-and-title dedupe added on 2026-08-21 still missed it because it compares 'I' against '1' as different characters. No duplicate row was added, and a rule now covers it. No application flows were opened and no submissions were made.","Today produced almost nothing, which is now a three-out-of-four-day pattern on the primary sources; the queue, not the feed, is where the value is. The straddling-salary rule proposed on 2026-08-18 has now been open nine days and still gates seven leads: Target, Liberty Mutual, Crusoe, GlobalFoundries, both Disney rows, and D-Wave. It remains the single highest-leverage decision in the workflow and nothing else in the queue moves until it is settled. Zip from 2026-08-26 is still the clearest apply-now lead and needs only a go-ahead, followed by Maximor AI. The four unscreened leads from 2026-08-26 still need a browser pass: GitHub, Salesforce, Meta, and Sargent & Lundy could not be read from the command line, and Salesforce and Meta reappeared on the trackers today without becoming any more verifiable. NewsBreak's new lead is above the floor and otherwise clean but is seven and a half weeks old, so confirm it is still open before applying. Excluded companies unchanged: Amazon, Visa, CGI, BeaconFire, Hired, Cerebras, T-Mobile, Roblox, CVS Health, Bot Auto, Cisco, and Warner Bros. Discovery; TikTok and ByteDance remain excluded until 2027-01-01."
2026-08-28,8,0,7,0,0,1,speedyapply 2027 SWE/AI new-grad trackers; Simplify/Coder Quad new-grad board; direct Ashby/iCIMS public posting data,"Lead-finding-only fetch on 2026-08-28. The speedyapply 2027 SWE and AI new-grad trackers were the driest yet, returning a single 0-1d row, a TikTok posting excluded until 2027-01-01. The Simplify/Coder Quad board returned 25 rows in the window, of which 15 were not already tracked, and only two of those survived the row-level screen. Added 8 rows: 1 pending and 7 skipped. Empower AI Junior Software Developer - Systems Software, remote across the USA, is the only lead recorded as Pending, and it is unscreened: the iCIMS detail page renders through JavaScript and returned effectively no text, the same source limitation logged for Sargent & Lundy on 2026-08-26. Empower AI is a federal government IT services contractor, so it carries a high prior for citizenship or clearance requirements invisible from the title; verify in a browser before spending effort. Inductive Automation Software Engineer I in Folsom, California was the day's near-miss and the only other row worth reading: a genuine level I bar on a low-friction Ashby form, killed by a body stating the employer is unable to offer employment to those who require sponsorship for employment visa status, alongside a 95,000-105,000 USD tier. Other skips: Sierra Nevada Corporation, Torch Technologies, L3Harris, and Boeing on the aerospace and defense rule; Micron on Idaho; and Hatch IT on role family and federal agency work. Two rule changes landed during this run. First, the user excluded InstaLILY AI after failing their interview for the Software Engineer 1 - General role; that requisition is still shown as actively recruiting and was re-surfaced by the company-board sweep on 2026-08-27, so the exclusion is what stops it returning. The pending row from 2026-07-15 was moved to Skipped. Second, and far more consequential, the user settled the straddling-salary question by setting the floor at 90,000 USD, replacing the 120,000 USD floor in force since 2026-07-14. The rule is now: skip only when the entire listed range sits below 90,000 USD, and a range that straddles it is acceptable. The 2026-08-18 proposed rule is marked superseded. Eight pending leads that were held solely on this question are now clear: Charta Health, both Disney rows, Target, Liberty Mutual, Crusoe, GlobalFoundries, and D-Wave Quantum. Seven of them moved to High priority; GlobalFoundries stays at Medium because its architecture-authority scope question is independent of salary and still stands, and Liberty Mutual stays at Low because its labor-certification-style posting format is still unresolved. No application flows were opened and no submissions were made.","The queue just changed shape. Eight leads that were frozen on the salary question are now actionable, and together with Zip, Maximor AI, Kikoff, Koah Labs, Pangram Labs, and Freeform the pending list is now deep enough that the bottleneck is review time, not lead supply. Suggested order: Zip first, then the two Disney rows and Target, which are the largest employers now unblocked. One backlog item needs a decision. Lowering the floor to 90,000 USD makes 49 previously skipped rows re-eligible, all of which were skipped for the single reason that their listed compensation fell below 120,000 USD and nothing else. Thirty-nine are from July and ten from August, so many are likely closed by now. They were deliberately not bulk-restored, because doing so would put fifty unverified and mostly stale rows back into the queue. Say the word and they can be re-screened for liveness and promoted selectively. A further 36 rows mention salary but carry a second independent disqualifier, usually a sponsorship or clearance conflict, and those correctly stay skipped regardless of the floor. Still open and unrelated to salary: GlobalFoundries' scope, Liberty Mutual's posting format, the C++ question on Five Rings, and the browser pass owed on GitHub, Salesforce, Meta, Sargent & Lundy, and now Empower AI. Excluded companies now: Amazon, Visa, CGI, BeaconFire, Hired, Cerebras, T-Mobile, Roblox, CVS Health, Bot Auto, Cisco, InstaLILY AI, and Warner Bros. Discovery; TikTok and ByteDance remain excluded until 2027-01-01."
2026-08-29,8,0,7,0,0,1,speedyapply 2027 SWE/AI new-grad trackers; Simplify/Coder Quad new-grad board; date-filtered Ashby/Lever company sweep; direct Ashby/Lever public posting data,"Lead-finding-only fetch on 2026-08-29, and the first run under the 90,000 USD salary floor confirmed yesterday. The speedyapply 2027 SWE and AI new-grad trackers returned 2 unique 0-1d rows, both new. The Simplify/Coder Quad board returned 12 rows, of which 5 were not already tracked and none survived screening. Both primary sources being thin again, a date-filtered Ashby and Lever company-board sweep was run; only the Ashby and Lever halves were used because they carry real publication dates, while the Greenhouse half has no date filter and simply re-surfaces open requisitions, as established on 2026-08-27. Added 8 rows: 1 pending and 7 skipped. Rivian and Volkswagen Group Technologies Systems Architecture Software Engineer in Tier 1 Palo Alto is the only lead, and it is a clean demonstration of the floor change: at 105,100-144,500 USD plus equity and a 5 percent bonus it straddled the old 120,000 USD line and would have been frozen for a user decision, whereas under the 90,000 USD floor it simply passes. No sponsorship, citizenship, or clearance restriction. One caveat recorded rather than treated as a skip: the qualifications ask for a B.S. plus 1-3 years of experience or an advanced degree, which is the borderline band rather than clearly above the target level. The floor change showed up a second time in the skips. Veeva Systems Associate Quality Engineer in Tier 1 Pleasanton and Boston lists 70,000-100,000 USD, a range that straddles the new floor and therefore no longer fails the salary test; it was skipped on role family instead, since functional and automation testing sits outside the target titles. That is the first case where the binding constraint moved from compensation to role family. Other skips: Meta's AI Design Generalist on role family despite the AI prefix; Solace Health, Marathon Petroleum, Johns Hopkins Applied Physics Laboratory, and SteerBridge on role family, with APL also on the defense and clearance rule and SteerBridge also on mid-level seniority; and DefenseStorm on Georgia, noting that despite its name it is a bank cybersecurity vendor rather than a defense contractor, so the industry skip did not apply. Two source observations. The Simplify board re-listed the L3Harris Salt Lake City requisition under a different title than the one recorded yesterday, and the title-based dedupe did not catch it; the identical URL did, so no duplicate row was added. The sweep reached only 7 of 65 boards because the Ashby token list has accumulated guessed names that do not resolve. No application flows were opened and no submissions were made.","Rivian is the day's only addition and needs one judgment before applying: whether the 1-3 years requirement is a hard bar or the usual soft ask, given the posting offers an advanced degree as an alternative route. The queue remains the bottleneck rather than the feed. Eight leads were unblocked yesterday by the floor change and have not yet been worked: Charta Health, both Disney rows, Target, Liberty Mutual, Crusoe, GlobalFoundries, and D-Wave, alongside Zip, Maximor AI, Kikoff, Koah Labs, Pangram Labs, and Freeform. The 49-row backlog of rows skipped solely for falling below the old 120,000 USD floor is still untouched and still awaiting a decision on whether to re-screen them for liveness. Today's Veeva row is a concrete preview of what that backlog looks like: postings that now clear the salary test but may fail on other grounds, so re-screening is real work rather than a bulk status flip. Also still open: GlobalFoundries' architecture-authority scope, Liberty Mutual's labor-certification-style posting format, the C++ question on Five Rings, and the browser pass owed on GitHub, Salesforce, Meta, Sargent & Lundy, and Empower AI. Excluded companies unchanged: Amazon, Visa, CGI, BeaconFire, Hired, Cerebras, T-Mobile, Roblox, CVS Health, Bot Auto, Cisco, InstaLILY AI, and Warner Bros. Discovery; TikTok and ByteDance remain excluded until 2027-01-01."
2026-08-30,7,0,6,0,0,1,speedyapply 2027 SWE/AI new-grad trackers; Simplify/Coder Quad new-grad board; repaired two-stage Ashby company sweep; direct Ashby public posting data,"Lead-finding-only fetch on 2026-08-30. Both primary sources were completely dry: the speedyapply trackers returned 2 unique 0-1d rows and the Simplify/Coder Quad board returned 5, and every one of the seven was already in the pool. The URL-based dedupe added yesterday earned its place immediately, matching both tracker rows by requisition id. That sent the run to the company-board sweep, and the sweep turned out to be broken. Every Ashby board returned unresolved, including tokens whose posting endpoints had been queried successfully within the last four days. The cause was a bug in the sweep query, not the tokens and not the boards: it requested a publishedAt field on jobPostings, which does not exist on that type, so the GraphQL call failed validation and jobBoard came back null for every company. Probing the schema showed the board endpoint carries no date field at all, and that the publication date lives on the per-posting endpoint as publishedDate. Rewritten as a two-stage sweep, board listing then per-posting date lookup, it reached 43 of 43 boards and 2,564 open requisitions, of which 14 passed the title and location filter without already being tracked. This means the Ashby half of every sweep since publishedAt was introduced has been silently returning nothing, and two earlier conclusions were wrong: the 2026-08-26 note that the sweep produced nothing new, and the 2026-08-29 rule blaming unreachable boards on a token list padded with guesses. That rule is marked superseded. Added 7 rows: 1 pending and 6 skipped. Handshake Software Engineer I, Handshake AI in Tier 1 San Francisco at 158,000-175,000 USD plus equity is the only lead, and it exists solely because the sweep was repaired. Explicit Level I title, full-stack TypeScript, no sponsorship or citizenship language. Two things to verify: a '1-5 years of professional software engineering experience' line listed under Desired rather than Required, and a publishedDate of 2026-07-30, so confirm the req is still open. Two Applied Intuition reqs illustrate the same lesson from opposite directions. Research Engineer - New Grad (2027) at 140,000-200,000 USD with a stated December 2026 or Summer 2027 graduation window is the most attractive row the sweep produced until the body reveals it is designed for recent PhD or MS graduates and requires an MSc or PhD. Build & Release Engineer - New Grad (December 2026) confirms the December 2026 graduation in its body and clears the new salary floor, then asks for 3+ years of professional software development experience. Both were labelled New Grad and neither is. Other skips: Cerebras on the company exclusion; careerswift.ai as a recruiting aggregator with no named employer, location, or compensation, standing in for three reqs; Maximor AI's Startup Generalist on role family, noting its Software Engineer sibling remains the pending lead; and Inductive Automation's QA Engineer I on role family and the employer's inability to sponsor. As with Veeva yesterday, the Inductive Automation range now clears the 90,000 USD floor, so compensation is no longer what rules it out. No application flows were opened and no submissions were made.","Handshake is the one new lead and needs a liveness check plus a read on whether its 1-5 years line is a real bar; at 158,000-175,000 USD in Tier 1 San Francisco with a Level I title it is worth that check. The more useful outcome today is that the sweep now works. It reached 2,564 open requisitions across 43 boards, against roughly zero Ashby coverage for the past several days, so the next few fetches should be treated as having a genuinely wider net than the recent run of dry days suggested. The dry-day conclusion recorded on 2026-08-26 and 2026-08-29 should be read with that in mind. Everything else in the queue is unchanged and still waiting: the 49-row backlog from the floor change, GlobalFoundries' architecture-authority scope, Liberty Mutual's posting format, the C++ question on Five Rings, and the browser pass owed on GitHub, Salesforce, Meta, Sargent & Lundy, and Empower AI. Zip remains the cleanest apply-now lead. Excluded companies unchanged: Amazon, Visa, CGI, BeaconFire, Hired, Cerebras, T-Mobile, Roblox, CVS Health, Bot Auto, Cisco, InstaLILY AI, and Warner Bros. Discovery; TikTok and ByteDance remain excluded until 2027-01-01."
2026-08-31,2,0,2,0,0,0,speedyapply 2027 SWE/AI new-grad trackers; Simplify/Coder Quad new-grad board; two-stage Ashby and Lever company sweep,"Lead-finding-only fetch on 2026-08-31, and the first genuinely empty day of the run: no new leads from any source. The speedyapply 2027 SWE and AI new-grad trackers returned zero 0-1d rows, the first time either has been completely empty. The Simplify/Coder Quad board returned 2 rows, of which one was already tracked and the other, an RTX Electrical Engineer 1 - FPGA in Melbourne, Florida, fails on the defense rule, the location policy, and role family at once. The repaired Ashby sweep ran properly for the second day, reaching 43 of 43 boards and 2,577 open requisitions. Seven passed the title and location filter without already being tracked, but the per-posting publishedDate check showed none had been published since 2026-08-30; all seven were the older Applied Intuition test, validation, and hardware reqs and the careerswift.ai rows already screened at row level yesterday. That is the two-stage sweep working as intended: it correctly reported nothing new rather than silently returning nothing, which is what the broken version did. The Lever half returned 826 requisitions since 2026-08-30, which is misleading: 799 of them came from jobgether, an aggregator that reposts other companies' listings without naming the employer, and whose rows were already skipped on that basis in July. After title and location filtering exactly one candidate remained, a Wyetech Software Engineer 1 in Tier 2 Columbia, Maryland, and it was skipped without re-reading the body under the standing 2026-07-16 rule, since a Wyetech req of the same title was found that day to require US citizenship and a clearance. Added 2 rows, both skipped. No application flows were opened and no submissions were made.","Nothing was added to the queue today, which makes the standing backlog the only thing worth acting on. Zip remains the cleanest apply-now lead, followed by Maximor AI, Kikoff, Koah Labs, Pangram Labs, Freeform, and Handshake from yesterday. The eight leads unblocked by the 2026-08-28 floor change are still unworked: Charta Health, both Disney rows, Target, Liberty Mutual, Crusoe, GlobalFoundries, and D-Wave. The 49-row backlog of rows skipped solely for falling below the old 120,000 USD floor is still awaiting a decision on whether to re-screen for liveness. Also still open: GlobalFoundries' architecture-authority scope, Liberty Mutual's posting format, the C++ question on Five Rings, and the browser pass owed on GitHub, Salesforce, Meta, Sargent & Lundy, and Empower AI. Six consecutive fetches have now produced at most one lead each, so the marginal value of a daily fetch is low relative to working the queue. Excluded companies unchanged: Amazon, Visa, CGI, BeaconFire, Hired, Cerebras, T-Mobile, Roblox, CVS Health, Bot Auto, Cisco, InstaLILY AI, and Warner Bros. Discovery; TikTok and ByteDance remain excluded until 2027-01-01."
2026-09-02,17,0,11,0,0,6,Simplify/Coder Quad new-grad board; speedyapply 2027 SWE/AI new-grad trackers; direct Greenhouse/Ashby/Workday public posting data,"Lead-finding-only fetch on 2026-09-02, run over a two-day window covering 2026-08-31 onward because no fetch was run on 2026-09-01. The pattern of the past week broke decisively. The speedyapply trackers returned 4 unique 0-2d rows, three of them new, and the Simplify/Coder Quad board returned 59 rows of which 45 were not already tracked, the richest board since 2026-08-26. The company-board sweep was deliberately not run, per the 2026-08-26 rule that scopes it as the dry-day fallback. Added 17 rows: 8 pending and 9 skipped, the largest single-day addition of the run. Four clean matches, all above the floor and none carrying a sponsorship, citizenship, or clearance restriction. Stripe Software Engineer, New Grad is the strongest lead seen so far: three Tier 1 locations, 207k/yr on the tracker, and minimum requirements of a Bachelor's or Master's obtained by summer 2027 with no more than 18 months of professional experience, which contains the candidate's window. Sierra Software Engineer, Agent (New Grad 2027) in San Francisco and New York at 150,000-180,000 USD plus equity is an explicit New Grad 2027 requisition building conversational AI agents, squarely on the agentic AI target. InterSystems Core Development Program in Boston at 100,000-125,000 USD states eligibility as graduating in Fall 2026 or Spring 2027, bracketing the window from both sides, with PhD listed as one acceptable degree among three rather than required. Chewy Software Engineer I in Bellevue and Boston at 97,500-160,000 USD plus equity states no years-of-experience floor at all. Expedia Group Software Development Engineer I in Seattle at 92,500-129,500 USD with a 0-3 years bar is a fifth solid match at Medium. Three further leads are recorded as Pending with caveats: Tebra, remote across the USA with a genuine 0-1 years bar, whose Zone 1 range of 80,500-92,000 USD straddles the floor by only 2,000 USD and whose real Geo Zone range is disclosed only at screening; and American Express in New York and Siemens in Grand Prairie, both unscreened because the Oracle Cloud recruiting API returns a search wrapper and the Siemens Avature page renders through JavaScript. The most painful skip is Everlaw Software Engineer I in Oakland: a 1d Greenhouse req at a flat 140,000 USD base with requirements aimed squarely at new grads, ending with 'Everlaw is not sponsoring U.S. employment visas for this role'. NVIDIA's Developer Technology Engineer, AI carries a Level 1 band of 108,000-178,250 USD across three Tier 1 sites but requires an MS or PhD, and closes 2026-09-04. Snap's ML Infrastructure req is marked Level 4, above the entry band. Other skips: the LexisNexis and RELX Tech Accelerate graduate program, a genuine new-grad rotational scheme posted five times but only in Georgia and Florida; Blue Origin, Huntington Ingalls, Textron, and Johns Hopkins Applied Physics Laboratory on the space and defense rules, together standing in for roughly a dozen requisitions; and Alation on contract job type. No application flows were opened and no submissions were made. Rule change later on 2026-09-02: the user excluded American Express on the grounds that they do not sponsor. The Software Engineer I row added today was moved from Pending to Skipped, so the day closes at 7 pending and 10 skipped. No other American Express rows existed in the pool. Third rule change on 2026-09-02: the user also excluded Siemens on the grounds that they do not sponsor. The Junior Software Development Engineer row added today was moved from Pending to Skipped, taking the day to 6 pending and 11 skipped, and a Siemens Agentic AI Engineer lead pending since 2026-07-15 was retired at the same time.","The feed produced more in one day than in the preceding week combined, and four of the new leads need nothing but a go-ahead: Stripe, Sierra, InterSystems, and Chewy, with Expedia close behind. Stripe and Sierra are the two to move on first; both are Tier 1, well above the floor, and state graduation windows that contain the candidate's. NVIDIA is the only time-critical item and it is a skip, not an action: its applications close 2026-09-04, but it requires an MS or PhD, so no decision is needed unless the candidate holds one, which the profile does not record. That gap is worth noting on its own: candidate_profile.json states a graduation window but never states the degree level being completed, and several skips this week have turned on MS-or-PhD language. Confirming the degree would let advanced-degree postings be screened rather than skipped by default. Tebra needs a compensation check before any effort, since its stated range clears the floor by 2,000 USD and the real number is disclosed only at screening. American Express and Siemens join GitHub, Salesforce, Meta, Sargent & Lundy, and Empower AI on the browser-pass list, which now stands at seven unscreened leads. The 49-row backlog from the floor change is still untouched, and the earlier queue is unchanged: Zip, Maximor AI, Kikoff, Koah Labs, Pangram Labs, Freeform, Handshake, and the eight leads unblocked on 2026-08-28. Excluded companies unchanged: Amazon, Visa, CGI, BeaconFire, Hired, Cerebras, T-Mobile, Roblox, CVS Health, Bot Auto, Cisco, InstaLILY AI, and Warner Bros. Discovery; TikTok and ByteDance remain excluded until 2027-01-01. Superseded in part on 2026-09-02: American Express is now an excluded company, so the browser-pass list drops from seven leads to six (GitHub, Salesforce, Meta, Sargent & Lundy, Empower AI, and Siemens). The exclusion also answered the question that row was waiting on, which is worth noting as a pattern: two of the unscreened leads recorded this week were at large financial or federal employers whose sponsorship stance the user may already know, so asking before queuing a browser pass may be faster than performing one. Further superseded on 2026-09-02: with Siemens excluded too, the browser-pass list drops to five leads (GitHub, Salesforce, Meta, Sargent & Lundy, and Empower AI). Both unscreened leads added today were resolved by user knowledge rather than by reading the postings, which strengthens the point above: when a lead is blocked only on sponsorship at a large well-known employer, asking is faster than a browser pass."
2026-09-03,23,0,17,0,0,6,speedyapply 2027 SWE/AI new-grad trackers; Simplify/Coder Quad new-grad board; direct Ashby/Greenhouse/Workday/Eightfold/Breezy posting data,"Lead-finding-only fetch on 2026-09-03, and the richest single day of the run so far. The speedyapply 2027 SWE and AI trackers, dry or near-dry for most of the past two weeks, returned 35 rows aged 0-1d, of which 32 were untracked; the Simplify/Coder Quad board returned 31 fresh rows, of which 18 were new to the pool and not already in the tracker batch. The company-board sweep was skipped under the 2026-08-26 rule because the boards were anything but dry. Added 23 rows: 6 pending and 17 skipped, with roughly 20 further rows folded into companion notes rather than tracked separately. Six leads. Arch Software Engineer - Early Careers in Tier 1 New York City at 100,000-180,000 USD plus equity is the best of them: its stated eligibility, graduating between December 2026 and August 2027, contains the candidate's window end to end. Valon Software Engineer New Grad, also New York City, at 135,000-160,000 USD plus equity asks for 0-1 year and a Bachelor's, the cleanest new-grad bar in the batch. Lyft Software Engineer in San Francisco at 136,000-162,000 USD wants only 6 months of experience, but its qualifications are written in PERM labor-certification style, which often means the req is attached to an existing employee's green-card filing. Applied Intuition's Cybersecurity Software Engineer in Sunnyvale at 130,000-158,000 USD contradicts itself: the title says December 2027 and the body requires graduating December 2026. Simple AI's AI Agent Engineer in San Francisco at 120,000-200,000 USD asks for 1-3 years, the band that Verkada and Goldman Sachs rows were kept Pending under. Climavision's remote Jr. Software Engineer is a rules edge case rather than a lead. The skips were dominated by work-authorization walls rather than fit. Sift's New College Graduate req in Los Angeles, at 125,000-145,000 USD with relocation offered, was the most painful: it requires U.S. person status under ITAR/EAR. PayPal states sponsorship is never available, Boston Scientific will not offer or take over a visa and also wants a prior internship with its own team, and Accenture Federal Services fails three ways at once with no sponsorship, U.S. citizenship, and a Top Secret clearance. Trulioo, a close subject-matter fit on agentic identity verification in San Diego, was skipped only because it requires a Master's. Kikoff republished its Software Engineer - Recent Grad req as 4393822009. That row was archived, meaning dismissed, so it was updated in place and left dismissed rather than reopened as a new lead. After the fetch, all six pending leads were archived from the dashboard UI between 18:12 and 18:27, including Arch and Valon. Archived means dismissed, not applied: statuses stay Pending, application_log.csv is untouched, and no application flow was opened.","All six of the day's leads were dismissed from the dashboard after the fetch, so nothing from 2026-09-03 is queued for action. The two rules questions below outlive the dismissals and are still worth settling, because they will decide how the next comparable postings are classified. First, Climavision listed 75,000-90,000 USD, a band whose ceiling is exactly the 90,000 USD floor. The rules cover ranges entirely below the floor and ranges that straddle it, but not one that touches it from below. Second, and more expensive: Trulioo was skipped only because it requires a Master's, joining Micron, Applied Intuition, and NVIDIA as the fourth posting in three weeks lost to advanced-degree language, while candidate_profile.json still records a graduation window with no degree level. Confirming the degree would reopen all four. Standing backlog is unchanged: Stripe, Sierra, InterSystems, and Chewy from 2026-09-02 still need nothing but a go-ahead, the 49-row backlog skipped under the old 120,000 USD floor is still unreviewed, and the browser-pass list still holds GitHub, Salesforce, Meta, Sargent & Lundy, and Empower AI."
2026-09-05,28,0,18,0,0,10,speedyapply 2027 SWE/AI new-grad trackers; Simplify/Coder Quad new-grad board; direct Greenhouse/Ashby/Workday/iCIMS/Eightfold posting data,"Lead-finding-only fetch on 2026-09-05, run over a two-day window covering 2026-09-04 onward because no fetch was run on 2026-09-04, and the second rich day in a row. The speedyapply 2027 SWE and AI trackers returned 83 unique rows aged 0-2d, of which 74 were untracked, and the Simplify/Coder Quad board returned 31 fresh rows, of which 19 were new to the pool and not already in the tracker batch. The company-board sweep was skipped under the 2026-08-26 rule because the boards were not dry. The untracked count needs discounting: eleven of those rows were duplicate requisitions, including four National Information Solutions Cooperative rows for a single opening, three of them under the employer's own test tenant. Added 28 rows: 10 pending and 18 skipped, with roughly 30 further rows folded into companion notes. Three strong leads. Scale AI's Software Engineer, New Grad in Tier 1 San Francisco at 124,000-162,000 USD is the best of them: its stated requirement of a graduation date in Fall 2026 or Spring 2027 with a Bachelor's brackets the candidate's window from both sides, and the work is RL data pipelines, evaluation infrastructure, and agentic AI applications. AiPrise's Software Engineer I in Tier 1 San Jose at 115,000-150,000 USD plus equity was published today and carries the cleanest bar in the batch: 0-2 years and no degree requirement at all, building AI compliance agents. ID.me's Summer 2027 new-grad req in Tier 1 Mountain View at 130,000-150,000 USD has no experience bar, but asks for graduating May/June 2027, which overlaps the candidate's window only at its May 2027 end. Cadence follows at Medium: a December 2026 grad date in Tier 1 San Jose at 101,500-188,500 USD, blocked on a C++ proficiency requirement that appears in the body rather than the title, so the skip rule does not fire and the question goes to the user. Vestwell in Austin at 95,000-110,000 USD and HealthEdge remote out of Boston at 80,000-100,000 USD round out the clean matches. GlobalFoundries' 2027 New College Graduate req in Santa Clara is a real lead but unscreened: its Workday CXS endpoint returns 403 where seven other Workday tenants returned full bodies today. Yext, Varsity Brands, and HP are recorded Pending at Low on a 1+ years bar, a missing salary, and a firmware focus respectively. The skips were dominated by work authorization, not fit: eight of the eighteen turned on sponsorship or citizenship. Garner Health was the most painful, an Associate Software Engineer in Tier 1 New York City at a 150,000 USD target base with no experience bar and Claude Code in its stack, lost to a single closing sentence stating it cannot sponsor. Huntington Bank's refusal names F-1 students explicitly. Ontic's 0-1 years bar in Austin is undone by a FedRAMP US-citizens requirement. Snowflake's AI Research Scientist, New Grad in Agents and Reinforcement Learning at 176,000-230,000 USD in Bellevue is the most expensive loss of the run so far and the sixth posting in three weeks gated on an advanced degree, requiring a PhD. Morgan Stanley and Applied Materials add two more the same day, both on a Master's. DoorDash's Software Engineer 1 - Entry-Level across five Tier 1 locations was the best-placed row of the day on title and level and is closed. No application flows were opened and no submissions were made. After the fetch, all ten pending leads were archived from the dashboard UI between 20:51 and 20:52, including Scale AI, AiPrise, and ID.me. Archived means dismissed, not applied: statuses stay Pending, the archived flag is set on the job_pool rows, application_log.csv is untouched, and no application flow was opened. This is the second consecutive fetch whose entire lead set was dismissed immediately, after all six leads on 2026-09-03. 当日稍晚（本地 17:44）两条 Nuro 也被从 dashboard 归档，其中 ML Infrastructure Platform 是当天修复 URL 塌缩 bug 才恢复显示的那条。归档即 dismissed，状态仍为 Pending，application_log.csv 未动。美国线活跃 lead 归零。","All ten of the day's leads were dismissed from the dashboard after the fetch, so nothing from 2026-09-05 is queued for action. That is now two fetches in a row where every lead was dismissed within minutes, 16 leads across the two days, which is worth raising directly: if the leads are being rejected on a criterion the rules do not yet capture, adding that criterion would save the screening effort spent producing them. The two rules questions below outlive the dismissals, because they decide how the next comparable postings are classified. First, the degree question, now six postings old and today carrying the most expensive loss of the run: Snowflake's AI Research Scientist, New Grad in Agents and Reinforcement Learning at 176,000-230,000 USD in Tier 1 Bellevue was skipped only for requiring a PhD, joining Micron, Applied Intuition, NVIDIA, Trulioo, and today's Morgan Stanley and Applied Materials rows, while candidate_profile.json still records a graduation window with no degree level. Second, the C++ question first raised on Five Rings: Cadence required C++ proficiency in its body rather than its title, so the skip rule did not fire, and the row was dismissed before the question was answered. Also unresolved from 2026-09-03: the Climavision case of a salary band whose ceiling is exactly the 90,000 USD floor. Standing backlog is unchanged and going stale: Stripe, Sierra, InterSystems, and Chewy from 2026-09-02 have needed only a go-ahead for three days, the 49-row backlog skipped under the old 120,000 USD floor is still unreviewed, and the browser-pass list holds GitHub, Salesforce, Meta, Sargent & Lundy, Empower AI, and now GlobalFoundries. Excluded companies unchanged: Amazon, American Express, Visa, CGI, BeaconFire, Hired, Cerebras, T-Mobile, Roblox, CVS Health, Bot Auto, Cisco, InstaLILY AI, Siemens, and Warner Bros. Discovery; TikTok and ByteDance remain excluded until 2027-01-01. 美国线现无任何活跃 lead。当日 10 条新 lead 加上恢复的 2 条 Nuro，全部已 dismissed。"
2026-09-06,14,0,9,0,0,5,"User-provided lead; MIT external careers portal; MIT FutureTech opportunities page; speedyapply 2027 SWE/AI trackers; Simplify/Coder Quad new-grad board; vanshb03 New-Grad-2027 board; UC San Diego, Harvard, Stanford, and predoc.org academic sweep","Not a board fetch. A rules session driven by a lead the user found and the search did not: MIT job 25997, Software Developer for the Machine Learning for Pharmaceutical Discovery and Synthesis consortium in MIT Chemical Engineering. It is bachelor's-eligible at 79,050-106,420 USD, full-time hybrid in Cambridge, and the work is ML inference APIs, training and retraining pipelines, Docker/Kubernetes/EKS microservices, long-running ML workloads, and model deployment alongside faculty, researchers, and graduate students. Everything about it matched except its title, and the title was the only thing being filtered on. Verified live on 2026-09-06 against the MIT portal: Apply Now present, posted 9/1/2026, three-year minimum in software or web development, no visa sponsorship, and MIT's published clause that it considers equivalent combinations of experience and education. Four rule changes followed, all confirmed by the user today. First, a third role family, Academic Research Engineering, with its own title sweep, its own qualifying test based on the body rather than the title, and its own thresholds: a 60,000 USD floor, unlisted salary never a skip, fixed-term appointments renewable on grant funding not treated as contract work, level wording ignored, and a stated minimum of up to three years treated as a Consider under the equivalent-experience clause. Without those carve-outs the family would have been added and then emptied, since salary, job type, level, and years of experience would each have skipped MIT MLPDS on their own. Second, sponsorship. This was widened to the whole US track and then narrowed by the user the same day to its final form: a no-sponsorship statement stays an automatic skip on company postings, and is a Consider only on Academic Research Engineering roles at universities and research institutions, where OPT carries the start of employment and the role is worth taking on OPT alone. On those, 'confirm E-Verify enrollment' is the next action, since E-Verify decides whether the STEM OPT extension is usable. The reasoning for stopping at universities: a company that can never sponsor offers no path past the three-year OPT and STEM OPT horizon, so the eight work-authorization skips from 2026-09-05 stay skipped and work authorization stays the largest single source of loss in the run. Third, the degree question that had been open since 2026-09-02 is answered: the candidate completes a Bachelor's. A stated minimum of Master's or PhD stays a skip, so the seven postings lost to degree language stay skipped, but the rule now fires on a confirmed fact and the question stops recurring. Fourth, academic sources are swept on every run at a 90-day freshness window, with a liveness check, because university postings stay open for months and go stale while still showing a form. Three leads recorded, all verified directly against their official pages today, all Pending, none archived. MIT MLPDS at High. MIT CSAIL FutureTech Research Assistant - AI in Science, a Technical Associate I under Ana Trisovic and Neil Thompson, at High: BA/BS in CS or data science is the stated minimum, every required qualification is met, one-year term renewable on grant funding, rolling with early close. MIT CSAIL FutureTech Technical Associate, Robotics and Physical AI at Medium: the research-engineering half matches the candidate's ML systems and evaluation infrastructure work closely and it leads an experimental project end to end, but MuJoCo or Isaac Sim or real robot data collection is a stated minimum qualification, not a preference, and SLURM cluster comfort is expected. Two FutureTech postings were checked and not recorded: Software Developer 1, which is bachelor's-eligible cloud and API work with researchers but is web platform engineering in substance and fails the research-facing test, and Junior Research Scientist, which requires a PhD and still reads 'starting in 2025'. No application flows were opened and no submissions were made. Later the same day, a lead-finding-only fetch was run on the US track under the rules as amended today, the first fetch to include the academic sweep. The boards were close to dry. The four raw board files parsed to 3,166 rows, which reduced to 16 fresh non-intern unique rows after the 2-day age filter and pool dedupe, and of those only 12 were not already tracked. One industry lead survived screening: Ellipsis Labs, Software Engineer - 2027 New Grads, in Tier 1 New York City at 150,000-200,000 USD plus equity, a requisition titled for 2027 new grads with no degree requirement, no years-of-experience floor, and no sponsorship or citizenship statement anywhere in the body. C/C++ appears only as one of five acceptable languages, so neither the title rule nor the unresolved Cadence body-C++ question applies. It is kept despite a March publication date because the fit is unusually strong. Its board link was stale and the live requisition was recovered through the Ashby public API. The academic sweep produced one live lead and a lesson. The lead is UC San Diego's Computational and Data Science Research Specialist 2 or 3 at the Laboratory of Emerging Intelligence in the CSE department, in Tier 1 La Jolla, at 88,000-124,000 USD for level 2 and 97,200-139,000 USD for level 3, minimum a Bachelor's in CS or data science with typically 2-5 years, working under the faculty director with AI faculty on next-generation AI systems and platforms. It clears the industry floor, not just the academic one, and it qualifies on substance rather than title. The lesson is that academic search results go stale in a way board listings do not: four of the five non-MIT academic postings surfaced today were dead when opened. Both Harvard Business School Research Associate roles had expired, one of them the closest paper match of the day at a Bachelor's plus PyTorch, TensorFlow, or Hugging Face; both Stanford School of Medicine machine learning engineer roles return 404 because Stanford has moved to Oracle HCM; and the Harvard AI Institute role that predoc.org lists as rolling is also expired. Two of the three new academic sources failed on first use: HigherEdJobs sits behind Incapsula, and Stanford's Oracle HCM site is the same wrapper that blocked American Express. Nine skips recorded. MetroStar in Tier 2 Reston is the first row decided by the narrowed sponsorship rule: an entry-level title in a preferred location, skipped solely because the boards mark it as not offering sponsorship and the exception reaches universities only. Altice USA is the third Long Island or upstate New York requisition lost to the New York City reading of the location policy. Aflac is Georgia, Royal Bank of Canada and Canadian Tire are Canada, Johns Hopkins Applied Physics Laboratory adds two more clearance requisitions, qode.world fails on role family alone despite listing Dallas, and SMX fails on both defense and role family. No application flows were opened and no submissions were made. Two decisions closed the day, both from the user. The location policy does not apply to the Academic Research Engineering family: any US location is acceptable there, and leads are ranked by research fit and lab strength rather than by tier. That widens the next sweep considerably, since CMU, Michigan, Cornell, UIUC, and Princeton were all excluded under the company tiers and are now in scope. And the MIT CSAIL FutureTech Technical Associate, Robotics and Physical AI role was declined rather than pursued, so it moves from Pending to Skipped on the day it was recorded: the robotics gap was a stated minimum qualification, and closing it would have cost about three months on MuJoCo or Isaac Sim. The decline is recorded against that posting, not against robotics as a subject. The day closes at 4 pending and 10 skipped. A third decision landed after that: New York is acceptable statewide, the way Texas is, with New York City still first inside the state. Reopening was done by re-reading skip reasons rather than by matching on the state, which matters: of the three New York rows lost in four days, only two had failed on location alone. Altice USA Software Dev Engineer I in Bethpage, skipped earlier today, and Zebra Technologies Software Engineer 1 in Holtsville, skipped on 2026-09-05, are both back to Pending at Medium, each with an unread body, since level and title were all that had been screened. Syncreon Consulting in Buffalo stays skipped: it failed on staffing-agency and role-family grounds, not on location. The day closes at 5 pending and 9 skipped, and the 2026-09-05 counts are left as recorded.","Four leads are queued and none of them is blocked on a question any more. MIT MLPDS, 79,050-106,420 USD in Cambridge, needs only a go-ahead; the application should state ""Available January 2027"" and tally Amazon 2025, Amazon 2026, prior internships, and research engineering against the three-year minimum under MIT's equivalent-experience clause, and MIT's E-Verify enrollment should be confirmed since the role does not sponsor. MIT CSAIL FutureTech Research Assistant - AI in Science recruits on a rolling basis and says it may close early, so it does not wait for a batch. Ellipsis Labs, 2027 New Grads in New York City at 150,000-200,000 USD, needs only a go-ahead. UC San Diego's Laboratory of Emerging Intelligence role at 88,000-139,000 USD needs one fact confirmed first: the posting states an appointment percent of 75-100%, and 75% would not be full time. Open questions from earlier in the day are now closed. The academic location question is answered: the tiers do not apply to that family. The robotics question is answered: declined. The sponsorship exception reaches universities and research institutions only, so the American Express and Siemens exclusions stay in force and the company leads skipped on bare no-sponsorship lines, including Garner Health and Everlaw, stay skipped. The New York question is answered too: the state is now acceptable statewide, and the two rows that had failed on location alone are back in the queue as Pending, both needing a body read before anything else. Standing backlog is unchanged and going stale: Stripe, Sierra, InterSystems, and Chewy from 2026-09-02 have needed only a go-ahead for four days, the 49-row backlog from the old 120,000 USD floor is still unreviewed, and the browser-pass list holds GitHub, Salesforce, Meta, Sargent & Lundy, Empower AI, GlobalFoundries, HigherEdJobs, and the Stanford careers site."
2026-09-08,12,0,10,0,0,2,"speedyapply 2027 SWE/AI trackers; Simplify/Coder Quad new-grad board; vanshb03 New-Grad-2027 board; Princeton, Cornell, and MIT FutureTech academic sweep","Lead-finding-only fetch on 2026-09-08, covering 2026-09-07 onward because no fetch was run on 2026-09-07, and the first fetch run entirely under the rules as amended on 2026-09-06. It is the emptiest day of the run, and the reason is source rot rather than screening. A parser bug was found and fixed first: the date window for the vanshb03 board had been hardcoded to Sep 04-06 when the parser was written, so the run initially returned 8 fresh rows and silently discarded everything the board had added in two days. With the window computed from the run date it returned 22, of which 21 were untracked. Then liveness probes emptied it again. Every probeable row the board dated 2026-09-08 was dead: Epsilon in Irving and Chicago, EBSCO, Disney, Arm, and Atlassian all 404 or 410; Diverge Health 404 from the Greenhouse API; Eluvio absent from a live board that lists two openings; Decagon absent from a live board of 138 openings, none below Senior. Nexthop.ai was the instructive one, returning HTTP 200 from a BambooHR JavaScript shell that answers 200 for any id while the requisition does not appear in the employer's own list. The three most painful were Atlassian's Machine Learning Engineer, 2026 Graduate in Tier 1 San Francisco, Decagon's new-grad Agent Software Engineer, and Disney's Software Engineer I in Glendale and New York City, which is a lead again now that the Disney exclusion was swapped for Warner Bros. Discovery on 2026-08-26. All three are recorded as skipped on liveness, not on fit. Rule-based skips were ordinary: YouLearn and Sonia on US citizenship, ByteDance on the exclusion plus Product Management, Amazon on the exclusion, RTX on defense and Iowa, ID.me's Data Scientist on the advanced-degree marker, and BlackRock on quantitative finance. The academic sweep, run for the first time without the location policy, produced the day's only real lead. Princeton Language and Intelligence is hiring a Research Software Engineer II, requisition 2026-21467, working on the design, evaluation, safety, and understanding of large language models and on open-source software and models, on a three-year appointment renewable subject to performance and funding. Three years is materially longer than the one-year MIT terms and long enough to cover OPT plus the STEM OPT extension. It is in scope only because the location policy was lifted for this family, since Princeton is not in the New Jersey tier list. It is recorded unscreened: both pli.princeton.edu and researchcomputing.princeton.edu answer automated fetches with a Cloudflare interstitial, so every fact in the row comes from search-result text rather than from the posting, and the rules say to stop rather than work around it. Cornell's Machine Learning Software Engineer in Ithaca, which the New York and academic changes had just brought into scope, returns 410 Gone. MIT FutureTech was re-read and is unchanged since 2026-09-06, with no new postings. Tesla's Autonomous Mobile Robotics role in Austin is also recorded Pending and unscreened, since tesla.com returns 403 to every automated fetch. Robotics as a subject is not excluded; the MIT decline on 2026-09-06 was recorded against that posting only. Before the fetch, all six leads from 2026-09-06 were archived by the user on 2026-09-07 between 14:10 and 15:40, including both MIT roles, Ellipsis Labs, and UCSD. Archived means dismissed, not applied: statuses stay Pending, application_log.csv is untouched, and no application flow was opened. No application flows were opened and no submissions were made.","Two leads are queued and both need a browser pass rather than a decision, because neither body could be read: Princeton Language and Intelligence Research Software Engineer II, which on subject matter is the closest academic match found so far, and Tesla's Autonomous Mobile Robotics role in Austin. For Princeton the alternative to a browser pass is to apply directly at Princeton University Careers under requisition 2026-21467, but degree, experience, salary, and sponsorship would all be unknown at the time of applying. Closed by the user on 2026-09-09: archiving is a permanent dismissal and the reason behind it is not to be asked about or reported on. Archived rows are excluded from future sweeps, matched on company and title as well as URL, and dismissal counts no longer appear in these summaries. Source health is the other thing worth acting on. The vanshb03 board's date column is a listing date, not a posting date, and on this evidence it re-dates stale rows in bulk, so its rows now need a liveness probe before they are recorded, which is a real cost per run. The browser-pass list has grown to GitHub, Salesforce, Meta, Sargent & Lundy, Empower AI, GlobalFoundries, HigherEdJobs, the Stanford careers site, and now tesla.com and both Princeton hosts. Standing backlog is unchanged: the 49-row backlog from the old 120,000 USD floor is still unreviewed."
2026-09-13,32,0,18,0,0,14,"speedyapply 2027 SWE/AI trackers; Simplify New-Grad-Positions board; vanshb03 New-Grad-2027 board; direct Greenhouse/Ashby/Lever/Workday/Workable/iCIMS posting data; Penn State, MIT FutureTech, MIT Media Lab, Stanford, and predoc.org academic sweep","Lead-finding-only fetch on 2026-09-13, covering 2026-09-08 onward because no fetch was run between 2026-09-09 and 2026-09-12. The four raw board files parsed to 2,547 rows: 305 were dated on or after 2026-09-08 and 204 were not already tracked or archived, matched on URL, Ashby UUID, and normalized company and title. A hard-rule pre-screen on board markers, excluded companies, internships, defense and federal employers, seniority, role family, and location cut that to 76, and a manual pass to about 40 postings that were read directly through Greenhouse, Ashby, Lever, Workday CXS, Workable, and iCIMS. Added 32 rows: 14 pending and 18 skipped, with roughly 170 further rows folded rather than tracked, among them 29 defense, space, or federal rows including SpaceX Starshield, KBR, Amentum, Curtiss-Wright, and True Anomaly. Unlike 2026-09-08, the 2027 cohort has clearly opened: five clean new-grad leads carry 2027 in the title or body, all read directly and none carrying a sponsorship or citizenship restriction. Domino Data Lab's Software Engineer New Grad 2027 is remote out of New York City at 150,000-165,000 USD and says sponsorship may be available case by case. Replit's New Grad 2027 in Foster City is at 140,000-180,000 USD on the agentic coding product. Commure's Early Career 2027 in Mountain View is at 130,000-150,000 USD, Greenboard's 2027 Grads in New York City at 130,000-150,000 USD with a Summer 2027 start, and Instabase's Early Careers in San Francisco states a preferred graduation of May-June 2027. Cursor's New Grad 2027 in San Francisco is recorded Pending at Medium with a user question: its body says new grads join SpaceXAI software engineering teams on Grok Bot, Cloud Agents, and Cursor. The academic sweep's lead came from a board rather than a university portal: Penn State College of Medicine's Applied AI Engineer in the Radiology AI Lab in Hershey, at 65,508-108,444 USD, a Bachelor's plus one year, building and evaluating imaging and LLM tools with radiologists. It does not sponsor, which is a Consider on this family, so E-Verify is the next action. DraftKings names both graduation endpoints in its Data Science Engineer title but asks for a year of professional experience. Applied Materials posted the Bachelor's variant of the AI/ML new college grad req that was skipped as a Master's req on 2026-09-05, but its Workday tenant returns 403. Work authorization again decided the best-looking skip. Klaviyo's Software Engineer I in Boston at 104,000-156,000 USD names December 2026 or May/June 2027 graduates and is not eligible for immigration sponsorship. Adyen, Rover, and D3 Embedded refuse sponsorship, and Cigna's development program excludes CPT, OPT, and STEM OPT by name. Both General Motors early-career reqs are 2026-cohort, requiring a degree completed by August 2026. dentsu and Waymo require an advanced degree. Argonne is central IT behind a government access authorization, and UW's Latimer Laboratory role is wet-lab neuroscience. Adobe's two 2026 University Graduate reqs return 410 and Nordstrom returns 404. Academic portals added nothing live beyond Penn State: search results were closed Stanford postings, a stale MIT Media Lab page, and economics predocs on predoc.org, and MIT FutureTech is unchanged. No application flows were opened and no submissions were made.","Five leads need only a go-ahead: Domino Data Lab, Replit, Commure, Greenboard, and Instabase. All are 2027-cohort reqs published 2026-09-08 to 2026-09-11 with no authorization restriction in the body. Instabase's form should get May 2027 as the graduation date. One decision is yours: Cursor's New Grad 2027 posting places hires on SpaceXAI teams, so confirm the hiring entity is acceptable before it is treated as a normal Tier 1 lead. It also requires a shipped project link. Penn State's Radiology AI Lab role needs Penn State's E-Verify enrollment confirmed before applying, since it does not sponsor. The application should state Available January 2027. Four rows need a browser pass because their bodies could not be read: Applied Materials (Bachelor's AI/ML new college grad), McDonald's Software Engineer I iOS, Dell Software Engineer 1 - IT, and the standing list of GitHub, Salesforce, Meta, Sargent & Lundy, Empower AI, GlobalFoundries, HigherEdJobs, the Stanford careers site, tesla.com, and both Princeton hosts. DraftKings, Pangram Labs, State Street, and Garmin are lower-priority Pending rows. The 49-row backlog from the old 120,000 USD floor is still unreviewed."
2026-09-14,4,0,4,0,0,0,speedyapply 2027 SWE/AI trackers (unchanged since 2026-09-13); Simplify New-Grad-Positions board; vanshb03 New-Grad-2027 board; direct Greenhouse/Ashby/iCIMS posting data; MIT FutureTech academic check,"Lead-finding-only fetch on 2026-09-14, the day after a full fetch, and a thin one. Both speedyapply files and the vanshb03 board were byte-identical in size to 2026-09-13 and only the Simplify board had moved. The four boards parsed to 2,530 rows: 23 dated on or after 2026-09-13 and 12 not already tracked or archived. Added 4 rows, all skipped. Garner Health's Associate Applied Scientist in New York City was the one real match on paper: 150,000 USD target base, Bachelor's or Master's with graduation in Fall 2026 or Spring 2027, and the same no-sponsorship sentence that cost the Garner Health row on 2026-09-05. Coalition's Software Engineer I and Anima's Software Engineer, both listed by vanshb03 today, were dead when probed. REI Systems returns 410. Folded rather than tracked: Planbase and Benchify founding engineer roles marked US citizenship required, SpaceX Starshield on the space and defense rule, OneImaging's two Miami reqs restricted to University of Florida and Georgia Tech students, Autostore in Atlanta outside the location policy, Syncreon Consulting's W2 mainframe contract, and Chamber Cardio's data analyst. Academic sweep: MIT FutureTech is unchanged apart from economics predoctoral RA listings, which fail the research-engineering test. The parser failed once on first run because python3 here is 3.8 and has no str.removeprefix; it was fixed before any rows were read. No application flows were opened and no submissions were made.","Nothing is queued from today. The one real match, Garner Health's Associate Applied Scientist, is a company no-sponsorship skip under the standing rule. The browser-pass list is unchanged. Speedyapply did not refresh between 2026-09-13 and 2026-09-14, so another fetch before it does will mostly re-read the same data."
2026-09-15,18,0,10,0,0,8,speedyapply 2027 SWE/AI trackers; Simplify New-Grad-Positions board; vanshb03 New-Grad-2027 board (unchanged); direct Ashby/Greenhouse/Lever/Workday/iCIMS/Workable/Breezy posting data; liveness recheck of sponsorship-only skips,"Lead-finding-only fetch on 2026-09-15 on a new work-authorization footing. Before screening, the user confirmed that the candidate needs only F-1 OPT and the 24-month STEM OPT extension and plans to return to China after about three years, so a plain no-sponsorship statement is no longer a skip on any posting. The answer to 'now or in the future require sponsorship' is now No. Postings that exclude F-1 or OPT by name, require unrestricted authorization or citizenship, or need an export license remain skips, and the American Express and Siemens exclusions stay at the user's instruction. Both speedyapply trackers and the Simplify board refreshed; vanshb03 did not. The boards parsed to 2,556 rows: 87 dated on or after 2026-09-14 and 63 not already tracked. Added 18 rows: 8 pending and 10 skipped. OpenAI's Applied Emerging Talent 2027 in San Francisco at 180,000 USD, Miter's New Grad in New York City at 140,000-165,000 USD with a 0-1 years bar, and Superhuman's Early Career in San Francisco at 130,000-150,000 USD accepting 2026 or 2027 graduates and on E-Verify are the three clean leads. C3 AI's New Grad 2027 at 120,000-150,000 USD asks for a Summer or Fall 2027 graduation, which May 2027 only borders. Allstate's all-levels Applied ML Engineer has a 0-2 years entry tier and would have been skipped a day earlier for not sponsoring. PowerSchool's IC1 in Dallas asks for hands-on AI coding-agent experience. Travelers and Vagaro could not be read. The rule change reopened eight earlier rows that had been skipped only for not sponsoring and were confirmed live today: Klaviyo Software Engineer I in Boston, both Garner Health new-grad reqs in New York City, Everlaw Software Engineer I in Oakland, Rover, D3 Embedded, which states it uses E-Verify, and both PayPal reqs. Adyen and MetroStar would also have reopened but are no longer posted. Rows skipped for sponsorship plus another reason stay skipped: Boston Scientific, Huntington Bank, which names F-1 students, GEICO, New Relic, and Accenture Federal. Today's skips show which walls still stand. T. Rowe Price names F-1 OPT in its exclusion. Cirrus Logic will not obtain an export license. Intel's Datacenter role needs citizenship and clearance and ActioNet a Secret clearance. Mimecast makes C++ mandatory. Silicon Labs requires a Master's. No application flows were opened and no submissions were made.","Sixteen US rows are now Pending, and most need only a go-ahead plus an E-Verify check. The strongest are OpenAI Applied Emerging Talent 2027, Miter New Grad, Superhuman Early Career, which is already on E-Verify, and the reopened Klaviyo, Garner Health Associate Software Engineer and Associate Applied Scientist, and Everlaw. D3 Embedded also states it uses E-Verify. On application forms the sponsorship answer is now No. Ask before answering any question about a Form I-983 training plan or E-Verify, since those concern the STEM OPT extension itself. One decision is open: C3 AI's New Grad 2027 asks for a Summer or Fall 2027 graduation, and whether May 2027 qualifies is best asked of the recruiter. Travelers and Vagaro join the browser-pass list."
2026-09-16,3,0,1,0,0,2,speedyapply 2027 SWE/AI trackers (unchanged since 2026-09-15); Simplify New-Grad-Positions board; vanshb03 New-Grad-2027 board (unchanged); direct Greenhouse and Workday posting data,"Lead-finding-only fetch on 2026-09-16, and a thin day by source movement rather than by screening. Both speedyapply trackers and the vanshb03 board were byte-identical to 2026-09-15; only the Simplify board moved. The four boards parsed to 2,565 rows: 86 dated on or after 2026-09-15 and 41 not already tracked or archived. Added 2 rows: 1 pending and 1 skipped. This was the first fetch screened with the board sponsorship marker disabled. The pre-screen had been dropping every Simplify row carrying the no-sponsorship icon, which the 2026-09-15 rule change makes wrong, so that rule was removed from the screening script before the run. No row in today's batch turned on it, but the fix matters for future runs. PROS Holdings' Software Engineer I in Houston is the one lead: 0-2 years, a Bachelor's only highly preferred, SaaS work on airline pricing with AI-driven retailing in the body, and no authorization restriction of any kind. Okta's Developer Support Associate was read in full rather than folded again, and it fails three ways: support role family, a December 2025 to August 2026 graduation window, and a flat 79,000 USD base. C3.ai appeared again through the employer's own domain, c3.ai/job-description/8801434002, which is a mirror of the Greenhouse requisition already tracked from 2026-09-15 under job-boards.greenhouse.io/c3iot; no duplicate row was created and a dedupe rule now covers that shape. Folded rather than tracked: Goodwill Central Texas' AI merchandise pricer, SBT Global's Korean-bilingual staffing req, Bowhead's federal data engineer role, three Raytheon and two Booz Allen requisitions, SpaceX Starshield, Applied Materials' Master's-level Algorithm Developer II, four Salesforce or COBOL role-family rows, five data-analyst and data-scientist rows, and fourteen location skips including Duolingo in Pittsburgh and LexisNexis in Raleigh. No application flows were opened and no submissions were made. 规则变化（当日稍晚，用户确认）：美国线薪资下限取消。此前 2026-07-14 起为 120,000 美元，2026-08-28 起为 90,000 美元，学术线另有 60,000 美元下限，现全部取消，岗位不再因薪资被跳过或降级，薪资仍记录在备注里以便在多个合格岗位之间排序。中国线的 250,000 人民币下限不变。今天已记录的两行不受影响：PROS Holdings 未列薪资，Okta 除薪资外还有岗位族与毕业时间两条独立跳过理由。 当日稍晚跑了积压清理：薪资下限取消后，job_pool 里 51 条未归档的行其当初的跳过理由只剩薪资或单纯「不担保」，两者现均已失效。Cisco 那条按排除公司不处理，其余 50 条逐条探活并按现行规则重读正文。结果：重开 14 条，换理由维持跳过 17 条，列入浏览器待查 19 条。重开里最值得注意的是 Pariveda Entry-Level Software Engineer（达拉斯，79,800 美元起），其毕业时间明写 2026 年 12 月至 2027 年 8 月，完整覆盖候选人两个毕业时间；以及 Fidelity Leap 的三个批次（2027 年 1 月、4 月、7 月入职，Westlake, TX），只要求入职时已获得或即将获得本科学位。Crowe 与 Fidelity Leap 两条 2026-08-16 的公司级跳过规则随之作废。维持跳过的多数是新发现的硬条件：Alarm.com 正文强制 C/C++，Retell AI 要求已毕业，Tennant 要硕士，CoStar 与 SOCOTEC 要几年经验，Pattern Data 在里士满不在地点清单，Tax Relief Advocates 的岗位已挂了十五个月。另有 7 条确认关闭：Symbotic、EnergyHub、Quora、Clera、纽约时报、嘉信、AbbVie。19 条列入浏览器待查而非直接重开：9 条 Workday 租户返回 403（Medtronic 两条、NVIDIA、FOX、Dexcom、MiTek、Zebra、通用汽车两条），10 条只有 LinkedIn 镜像页（PwC、OneStream、NetApp、Best Buy、MetLife、Walgreens、Jack 三条、德州仪器）。维持跳过的 17 条里包含 Sonos 的 Junior Embedded Software Development Engineer，按嵌入式固件岗位族跳过。探活过程本身也修了一个方法问题：HTTP 429 是限流，第一版脚本把它当成岗位下线，误判了六条。 第三项规则变化（当日稍晚，用户要求）：投递前必须确认雇主是否加入 E-Verify，并把结论记进行里，不能只写成待办。E-Verify 决定 24 个月 STEM OPT 延期能否使用，也就决定这份工作是一年还是三年；09-15 取消担保筛选后，这是唯一还会拦住投递的工作许可条件。已加入即可投；未加入交给用户决定，因为岗位实际只剩 OPT 的 12 个月；查不到则暂不投递。同时查清了一件工具层面的事：官方雇主查询是挂在 USCIS Tableau 上的浏览器工具，CSV 导出只返回地图工作表，URL 筛选参数无效，十个工作表名全部 404，bootstrapSession 取不到 session，e-verify.gov 与 data.gov 都没有公开的批量雇主名单，按公司名做网络搜索只会返回第三方背景核查网站。结论已写入规则，避免以后重复尝试。当前 15 条活跃行的正文已全部检索过 E-Verify 字样，无一提及，因此全部记为待确认，下一步统一改为到官方查询页做浏览器核对。 当日第二次抓取（用户要求继续跑）：四个榜里只有 Simplify 有变动，speedyapply 两个与 vanshb03 与早间副本字节一致。新增可跟踪行 1 条，当日合计 3 行、2 条 Pending、1 条 Skipped。新行是 ICF International 的 Junior Software Engineer（Entry level - Remote US），今天发布、仍可投递，本科 CS 加 1 年经验且实习、科研、课程项目均计入，远程覆盖全美、总部在 Reston 属 Tier 2 北弗吉尼亚，薪资 67,355-114,503 美元（现已不筛）。正文未出现担保、公民身份、安全许可或出口管制字样；但 ICF 是联邦咨询承包商，其多数岗位带 public trust 或安全许可要求，这条没写，正式进入前需确认。另外 4 条通过预筛的都已在早间处理过：Goodwill、SBT Global、Bowhead 并入说明，C3.ai 是同一 req 的公司域名镜像。E-Verify 的浏览器核对按用户指示暂不进行，关卡规则不变，新行同样记为待确认。",投递前的必做一步：到 https://www.e-verify.gov/e-verify-employer-search 逐家核对当前 15 条活跃岗位的雇主是否加入 E-Verify。这个页面只能在浏览器里用，命令行查不到，公开数据集也没有。优先核对 High 的四条：Pariveda 与 Fidelity Leap 的三个批次；其次是 Medium 的 Crusoe、SimpliSafe、Intel、Crowe、Robert Half、Shirley Ryan AbilityLab、Intuit、PROS Holdings；Low 的 Vituity、Asure、EarthCam 连岗位是否在招也要一并确认。核对结果告诉我，我会逐行记进 job_pool：已加入的可以直接投，未加入的由你决定是否接受只做一年。浏览器待查清单另有 19 条旧行，加上 Travelers、Vagaro 与原有的 GitHub、Salesforce、Meta、Sargent & Lundy、Empower AI、GlobalFoundries、HigherEdJobs、Stanford 招聘站、tesla.com 和两个普林斯顿域名。
2026-09-17,10,0,5,0,0,5,speedyapply 2027 SWE/AI trackers; Simplify New-Grad-Positions board; vanshb03 New-Grad-2027 board (unchanged since 2026-09-15); direct Ashby/Greenhouse/Workday/iCIMS posting data,"Lead-finding-only fetch on 2026-09-17. Both speedyapply trackers and the Simplify board refreshed; vanshb03 was byte-identical to 2026-09-16. The four boards parsed to 2,584 rows: 92 dated on or after 2026-09-16 and 50 not already tracked or archived. The hard-rule pre-screen cut that to 15, and 13 postings were read directly. Added 10 rows: 5 pending and 5 skipped. Two clean AI leads: Abridge's Junior Software Engineer in San Francisco at 167,000-184,000 USD builds agentic LLM systems, retrieval pipelines, and evaluation frameworks for clinical documentation with no years bar, and Coram AI's Graduate Software Engineer in Sunnyvale works on multimodal LLM video search and real-time detection and asks only for a Bachelor's. SingleStore's New Grad 2027 is Pending at Medium: it requires strong C++ or C, which is not a C++-mandatory skip under the 2026-09-13 rule but is systems work either way. It had been folded on 2026-09-16 as a location skip when Simplify listed it only as United States. Sentinel Group's Junior Fullstack in Wakefield, MA at 88,000-93,000 USD is Low, and Root Source's Software Engineer 1 in Annapolis Junction could not be read behind Cloudflare. The best-looking skip was General Motors' Data Software Engineering Early Careers req in Austin, 0-2 years and otherwise a fit, which names OPT and STEM OPT in its exclusion. Schwab's Associate Java Developer requires a degree completed by May 2023, Captivation requires TS/SCI with polygraph, Snap's backend role is Level 4, and Eventual's New Grad posting is no longer on its board. Folded rather than tracked: Allen Control Systems (counter-drone weapons), Schwab's C# and ETL roles on experience, Headlands' C++ Software Developer, SpaceX Starshield, Visa, Amazon, and TikTok on the exclusion list, Lila Sciences' ML Scientist I/II, data-analyst and data-scientist rows, and 14 location skips. No application flows were opened and no submissions were made.","Abridge and Coram AI are the two to act on; each needs only a go-ahead plus the E-Verify browser check at https://www.e-verify.gov/e-verify-employer-search, since neither body mentions participation. SingleStore needs a call on whether a C or C++ systems role fits. Root Source joins the browser-pass list and should be read for clearance wording first. The E-Verify browser pass for the earlier active rows is still outstanding."
